UNIPROT,Category of binding
Q9NTX7,Cargo A
P19484,Cargo A
Q9BRP8,Cargo A
Q9H425,Cargo A
Q9P0V9,Cargo A
Q14257,Cargo A
P14635,Cargo A
P0CAP2,Cargo A
Q9Y295,Cargo A
P30291,Cargo A
Q12800,Cargo A
Q99871,Cargo A
Q9NR12,Cargo A
O14730,Cargo A
Q9NQC3,Cargo A
Q9BVC4,Cargo A
Q9NRH1,Cargo A
Q9UJX3,Cargo A
P53677,Cargo A
Q9NS91,Cargo A
Q96C92,Cargo A
O14639,Cargo A
Q14153,Cargo A
Q96A73,Cargo A
Q9HD40,Cargo A
Q9UK97,Cargo A
Q9H000,Cargo A
Q9ULI2,Cargo A
Q6ZVM7,Cargo A
Q8WUP2,Cargo A
Q96GV9,Cargo A
Q96GA3,Cargo A
Q9BZI7,Cargo A
Q9BPZ7,Cargo A
Q92997,Cargo A
Q8TAP9,Cargo A
Q9NX31,Cargo A
Q96CS2,Cargo A
Q9BQQ3,Cargo A
Q86XN8,Cargo A
O94887,Cargo A
Q6P3S1,Cargo A
Q9NZI7,Cargo A
Q8NFZ5,Cargo A
Q9BYJ9,Cargo A
Q9NX04,Cargo A
P31321,Cargo A
Q5PRF9,Cargo A
Q5JTW2,Cargo A
Q01167,Cargo A
Q5U5Q3,Cargo A
P01106,Cargo A
A6NKD9,Cargo A
Q16526,Cargo A
O43294,Cargo A
A4D1P6,Cargo A
Q01201,Cargo A
Q8WVF1,Cargo A
P19532,Cargo A
Q9NQS1,Cargo A
Q9UHK0,Cargo A
Q9BST9,Cargo A
P55081,Cargo A
Q9BT25,Cargo A
Q9P2Y5,Cargo A
Q7Z2W4,Cargo A
Q9HBF4,Cargo A
O60239,Cargo A
Q6ZW31,Cargo A
Q9H6R7,Cargo A
Q9H0K1,Cargo A
Q9HAU5,Cargo A
Q07352,Cargo A
Q86UY5,Cargo A
Q9Y3T9,Cargo A
Q13895,Cargo A
O95684,Cargo A
Q5D1E8,Cargo A
Q8WU90,Cargo A
Q92599,Cargo A
Q86VQ1,Cargo A
Q9BYV8,Cargo A
O95628,Cargo A
Q14677,Cargo A
Q53EZ4,Cargo A
P47974,Cargo A
Q5JTD0,Cargo A
Q63ZY3,Cargo A
Q9ULX3,Cargo A
Q9BPZ3,Cargo A
Q96CW6,Cargo A
O14641,Cargo A
Q13627,Cargo A
Q8IXW5,Cargo A
O94927,Cargo A
P49757,Cargo A
Q96CW1,Cargo A
Q9H6D7,Cargo A
Q0JRZ9,Cargo A
O96018,Cargo A
P49674,Cargo A
P15923,Cargo A
Q8N6T3,Cargo A
O96013,Cargo A
Q8NHG8,Cargo A
Q9NYJ8,Cargo A
P50548,Cargo A
P32121,Cargo A
Q15436,Cargo A
Q9UPU7,Cargo A
Q8WUX9,Cargo A
P20042,Cargo A
Q9UQN3,Cargo A
Q8N6H7,Cargo A
Q96E09,Cargo A
Q13188,Cargo A
Q96IF1,Cargo A
Q96EV8,Cargo A
O15371,Cargo A
Q8TEH3,Cargo A
Q9C035,Cargo A
Q96N21,Cargo A
O95487,Cargo A
Q9Y6R0,Cargo A
P50579,Cargo A
Q16181,Cargo A
Q9P0J7,Cargo A
Q9UEY8,Cargo A
Q9NPI6,Cargo A
Q9UJX2,Cargo A
Q99081,Cargo A
Q13043,Cargo A
Q9H814,Cargo A
P61011,Cargo A
O15379,Cargo A
Q9BRP1,Cargo A
Q9UHR6,Cargo A
Q14814,Cargo A
Q13546,Cargo A
O75688,Cargo A
Q14145,Cargo A
Q9NZN8,Cargo A
Q6DN90,Cargo A
Q14141,Cargo A
P59780,Cargo A
Q15942,Cargo A
Q9P107,Cargo A
O00189,Cargo A
P49023,Cargo A
O95081,Cargo A
P83731,Cargo A
Q96CT7,Cargo A
Q68CZ6,Cargo A
P62873,Cargo A
Q08379,Cargo A
Q9Y2T2,Cargo A
Q15437,Cargo A
Q8IZW8,Cargo A
Q9UJX4,Cargo A
Q9HA65,Cargo A
O00221,Cargo A
Q9UHD2,Cargo A
O75843,Cargo A
Q96GY0,Cargo A
Q14693,Cargo A
P46976,Cargo A
Q9NW82,Cargo A
Q96F86,Cargo A
Q6Y7W6,Cargo A
Q9BUB5,Cargo A
O95905,Cargo A
Q8N7H5,Cargo A
P26196,Cargo A
O95049,Cargo A
Q9UI10,Cargo A
Q15036,Cargo A
Q13574,Cargo A
Q9HAW4,Cargo A
Q00537,Cargo A
Q8TDH9,Cargo A
Q14674,Cargo A
O95721,Cargo A
Q9Y6I3,Cargo A
Q13371,Cargo A
O60573,Cargo A
Q9Y6B7,Cargo A
Q9BW71,Cargo A
Q09161,Cargo A
Q9NSV4,Cargo A
P52594,Cargo A
O15530,Cargo A
Q6ULP2,Cargo A
O76094,Cargo A
Q96RE7,Cargo A
Q13428,Cargo A
Q13144,Cargo A
Q01968,Cargo A
Q8IXQ3,Cargo A
Q8NDI1,Cargo A
Q9NZ09,Cargo A
Q6AWC2,Cargo A
P55039,Cargo A
O60784,Cargo A
Q9NP61,Cargo A
Q5T7W7,Cargo A
Q9H977,Cargo A
Q15654,Cargo A
P98082,Cargo A
Q68CZ2,Cargo A
Q3YEC7,Cargo A
Q9UGP4,Cargo A
O43164,Cargo A
P40855,Cargo A
Q7Z4H7,Cargo A
P17844,Cargo A
Q8N961,Cargo A
P25963,Cargo A
Q8TF05,Cargo A
Q6P1J9,Cargo A
Q8NE71,Cargo A
Q6NW29,Cargo A
A7E2V4,Cargo A
Q70E73,Cargo A
O94855,Cargo A
P23025,Cargo A
Q76NI1,Cargo A
Q13501,Cargo A
P52630,Cargo A
Q12899,Cargo A
Q9Y4W2,Cargo A
Q7L3B6,Cargo A
Q6P1N0,Cargo A
Q9UHD8,Cargo A
Q9NZQ3,Cargo A
Q9UMZ2,Cargo A
P04049,Cargo A
Q86YR5,Cargo A
Q2M3G4,Cargo A
Q12834,Cargo A
Q676U5,Cargo A
Q8IW35,Cargo A
Q9UHB9,Cargo A
Q86TC9,Cargo A
Q13033,Cargo A
Q14978,Cargo A
P07910,Cargo A
O94804,Cargo A
Q9BZL6,Cargo A
O00203,Cargo A
Q9BXS5,Cargo A
Q9UHW5,Cargo A
P53992,Cargo A
Q9P2E3,Cargo A
Q9NVX0,Cargo A
Q15019,Cargo A
Q6ZSR9,Cargo A
P42566,Cargo A
P11274,Cargo A
Q9NWT6,Cargo A
P62750,Cargo A
P60228,Cargo A
Q9NUP1,Cargo A
O60841,Cargo A
Q9Y484,Cargo A
O75175,Cargo A
P48444,Cargo A
Q9Y450,Cargo A
Q5TAQ9,Cargo A
P35611,Cargo A
Q9UDY8,Cargo A
P78344,Cargo A
Q9UBF2,Cargo A
P05198,Cargo A
Q9HCN4,Cargo A
O14617,Cargo A
Q92572,Cargo A
Q9Y4H2,Cargo A
Q2M2I8,Cargo A
O75122,Cargo A
Q8NEC7,Cargo A
Q9UBF8,Cargo A
Q15649,Cargo A
Q6R327,Cargo A
P49591,Cargo A
C4AMC7,Cargo A
Q96MX6,Cargo A
Q76I76,Cargo A
Q9NR50,Cargo A
Q9H1Y0,Cargo A
Q7Z309,Cargo A
P35269,Cargo A
P52298,Cargo A
O14965,Cargo A
Q13442,Cargo A
Q5T8P6,Cargo A
Q13485,Cargo A
Q96A49,Cargo A
Q8IX03,Cargo A
Q2NKX8,Cargo A
Q9Y3S2,Cargo A
Q9UPM8,Cargo A
P55209,Cargo A
P53618,Cargo A
O43583,Cargo A
Q96EY5,Cargo A
Q9H446,Cargo A
Q6PI26,Cargo A
P41091,Cargo A
Q8N8S7,Cargo A
P35606,Cargo A
P11532,Cargo A
Q9UIV1,Cargo A
P13674,Cargo A
Q96HR8,Cargo A
P55010,Cargo A
P50552,Cargo A
Q9Y678,Cargo A
O60566,Cargo A
P48729,Cargo A
Q2TAZ0,Cargo A
O60832,Cargo A
Q96EN8,Cargo A
Q99816,Cargo A
P19387,Cargo A
Q14653,Cargo A
O94817,Cargo A
P15880,Cargo A
Q96RS0,Cargo A
Q9NT62,Cargo A
Q8TC07,Cargo A
Q9GZZ9,Cargo A
P63010,Cargo A
P24928,Cargo A
Q9P2D3,Cargo A
P53621,Cargo A
P23588,Cargo A
Q9UPN7,Cargo A
Q9UBB6,Cargo A
Q8NEZ2,Cargo A
P22681,Cargo A
Q3V6T2,Cargo A
Q9UK41,Cargo A
Q99733,Cargo A
O43865,Cargo A
Q9H8Y8,Cargo A
Q8N8R7,Cargo A
Q9H6U6,Cargo A
P61158,Cargo A
Q10567,Cargo A
O15027,Cargo A
O75534,Cargo A
Q9H6T3,Cargo A
Q8TD16,Cargo A
P61962,Cargo A
P09132,Cargo A
Q92600,Cargo A
Q9Y2W1,Cargo A
Q96AC1,Cargo A
P62879,Cargo A
Q99717,Cargo A
Q5SW79,Cargo A
O60907,Cargo A
Q641Q2,Cargo A
Q15025,Cargo A
P42345,Cargo A
Q16204,Cargo A
P10398,Cargo A
Q92747,Cargo A
O14579,Cargo A
P0CW22,Cargo A
Q6PD62,Cargo A
Q8WVC0,Cargo A
Q9Y262,Cargo A
Q13164,Cargo A
Q15773,Cargo A
Q8WWN8,Cargo A
Q86YV9,Cargo A
O95819,Cargo A
P56377,Cargo A
Q9NX24,Cargo A
O75170,Cargo A
Q6P2E9,Cargo A
O43684,Cargo A
Q9UNF1,Cargo A
Q9H4A3,Cargo A
Q9ULJ7,Cargo A
Q8ND56,Cargo A
O60231,Cargo A
O43318,Cargo A
Q9H9Y4,Cargo A
P30876,Cargo A
P19388,Cargo A
Q96D46,Cargo A
Q9ULH7,Cargo A
Q15628,Cargo A
Q9BQL6,Cargo A
Q15653,Cargo A
Q9UK59,Cargo A
Q562E7,Cargo A
Q96RG2,Cargo A
Q8NCE2,Cargo A
O43747,Cargo A
Q5W0V3,Cargo A
Q53EL6,Cargo A
Q9UER7,Cargo A
Q15047,Cargo A
P62487,Cargo A
O95999,Cargo A
O75340,Cargo A
P22694,Cargo A
P55735,Cargo A
Q12768,Cargo A
P13984,Cargo A
Q99613,Cargo A
P49770,Cargo A
P61221,Cargo A
P29353,Cargo A
Q16630,Cargo A
Q9ULC4,Cargo A
Q5VZ89,Cargo A
Q8WW22,Cargo A
Q8WWY3,Cargo A
P36954,Cargo A
Q5T1M5,Cargo A
P61966,Cargo A
Q9NRF8,Cargo A
P61247,Cargo A
Q15750,Cargo A
Q96ST2,Cargo A
A5YKK6,Cargo A
Q9UJY4,Cargo A
Q01130,Cargo A
P23396,Cargo A
Q96PU5,Cargo A
O60716,Cargo A
Q9NWS0,Cargo A
Q9UDY2,Cargo A
Q6PL24,Cargo A
P61923,Cargo A
Q96S55,Cargo A
P46783,Cargo A
Q7Z6K5,Cargo A
O00743,Cargo A
P62081,Cargo A
Q00536,Cargo A
Q96KG9,Cargo A
Q9H6Y2,Cargo A
Q9Y4Z0,Cargo A
Q9Y6A4,Cargo A
P46937,Cargo A
Q9BQS8,Cargo A
P09661,Cargo A
Q9C0C2,Cargo A
Q2M389,Cargo A
Q9BXP5,Cargo A
Q14558,Cargo A
Q8TCG1,Cargo A
P46781,Cargo A
P61160,Cargo A
Q13685,Cargo A
P67809,Cargo A
P62249,Cargo A
O14733,Cargo A
Q9UPQ0,Cargo A
Q9Y265,Cargo A
P53803,Cargo A
Q9BWH6,Cargo A
Q9BZK7,Cargo A
Q8TD19,Cargo A
Q9H6S3,Cargo A
P62269,Cargo A
Q96B23,Cargo A
P10644,Cargo A
Q13162,Cargo A
P62241,Cargo A
O15145,Cargo A
P68400,Cargo A
O95782,Cargo A
P62701,Cargo A
Q96HC4,Cargo A
O15372,Cargo A
P60510,Cargo A
P13861,Cargo A
Q8WWH5,Cargo A
O15116,Cargo A
P62266,Cargo A
O95071,Cargo A
O14545,Cargo A
Q99570,Cargo A
P63151,Cargo A
O75717,Cargo A
Q658Y4,Cargo A
P59998,Cargo A
P15170,Cargo A
Q14181,Cargo A
Q3ZCM7,Cargo A
O75794,Cargo A
P62280,Cargo A
P42285,Cargo A
P62495,Cargo A
Q5H9R7,Cargo A
Q53LP3,Cargo A
Q14232,Cargo A
Q9BPX5,Cargo A
P67870,Cargo A
P09651,Cargo A
Q7Z739,Cargo A
Q8IXJ6,Cargo A
Q9UH36,Cargo A
Q5TKA1,Cargo A
Q13322,Cargo A
O95685,Cargo A
Q9P270,Cargo A
Q9BTK6,Cargo A
Q6UUV9,Cargo A
Q14679,Cargo A
Q8IUC6,Cargo A
Q9BVS4,Cargo A
Q9BVQ7,Cargo A
Q9Y5A9,Cargo A
Q6UUV7,Cargo A
P30260,Cargo A
Q8WU79,Cargo A
Q9Y597,Cargo A
Q8TBC3,Cargo A
Q14134,Cargo A
Q07020,Cargo A
Q14671,Cargo A
P51617,Cargo A
Q9BQK8,Cargo A
P47736,Cargo A
Q14157,Cargo A
Q684P5,Cargo A
Q9UKS6,Cargo A
O95149,Cargo A
P50542,Cargo A
Q86XL3,Cargo A
Q96ED9,Cargo A
Q96II8,Cargo A
Q9H6K1,Cargo A
Q8WUF5,Cargo A
Q13492,Cargo A
Q86TB9,Cargo A
Q2T9J0,Cargo B
Q93052,Cargo B
Q8IYB5,Cargo B
P08670,Cargo B
Q15032,Cargo B
P13807,Cargo B
Q9Y2H5,Cargo B
P05423,Cargo B
Q04864,Cargo B
O75420,Cargo B
Q8TEU7,Cargo B
P19838,Cargo B
Q06587,Cargo B
Q9NWF9,Cargo B
Q2TAY7,Cargo B
Q8N9N2,Cargo B
Q13310,Cargo B
O94979,Cargo B
P05090,Cargo B
Q04206,Cargo B
Q8WXG6,Cargo B
Q7LBC6,Cargo B
O95486,Cargo B
P11940,Cargo B
Q9Y4K1,Cargo B
Q9Y3I0,Cargo B
Q96QG7,Cargo B
O95197,Cargo B
Q92900,Cargo B
Q7Z460,Cargo B
P35869,Cargo B
Q9ULX6,Cargo B
Q96N67,Cargo B
O00750,Cargo B
Q00653,Cargo B
Q14457,Cargo B
Q9Y6Q9,Cargo B
Q9Y343,Cargo B
P36507,Cargo B
Q9HD67,Cargo B
Q93008,Cargo B
Q9HCD6,Cargo B
Q08AD1,Cargo B
Q9NVN3,Cargo B
Q07157,Cargo B
P23258,Cargo B
Q92609,Cargo B
P68366,Cargo B
Q9UPN9,Cargo B
Q9Y230,Cargo B
Q96CN4,Cargo B
Q969V6,Cargo B
P63092,Cargo B
Q9Y6Y8,Cargo B
Q8N163,Cargo B
O15111,Cargo B
Q99614,Cargo B
Q66PJ3,Cargo B
P68371,Cargo B
Q6NZY4,Cargo B
Q96EX3,Cargo B
P04350,Cargo B
P28340,Cargo B
P42224,Cargo B
P85037,Cargo B
P62277,Cargo B
Q13509,Cargo B
Q9UBC2,Cargo B
Q08945,Cargo B
Q8NB46,Cargo B
P09012,Cargo B
O15144,Cargo B
Q9NUU7,Cargo B
P17612,Cargo B
O15357,Cargo B
O43633,Cargo B
Q9BRX2,Cargo B
Q9NUP9,Cargo B
Q6PD74,Cargo B
Q15018,Cargo B
P08579,Cargo B
Q92917,Cargo B
Q15054,Cargo B
Q9NYL2,Cargo B
Q9GZS3,Cargo B
P50851,Cargo B
P62851,Cargo B
Q6UXN9,Cargo B
P08865,Cargo B
P49137,Cargo B
P19784,Cargo B
P68363,Cargo B
P46777,Cargo B
O60678,Cargo B
O43172,Cargo B
Q07960,Cargo B
P61964,Cargo B
Q9H0R8,Cargo B
Q14C86,Cargo B
P38117,Cargo B
O15143,Cargo B
P49841,Cargo B
Q6ZS17,Cargo B
Q52LW3,Cargo B
Q9Y4R8,Cargo B
P41743,Cargo B
Q9Y3F4,Cargo B
P49005,Cargo B
P62263,Cargo B
O00418,Cargo B
Q92888,Cargo B
P61981,Cargo B
Q5T4S7,Cargo B
O75190,Cargo B
O43175,Cargo B
P46782,Cargo B
Q9BQ67,Cargo B
O00571,Cargo B
P31025,Cargo B
Q9UBN7,Cargo B
Q6P2H3,Cargo B
Q8N122,Cargo B
Q6P3W7,Cargo B
P47929,Cargo B
Q08AM6,Cargo B
Q96K76,Cargo B
Q96B36,Cargo B
Q68DC2,Cargo B
Q9NYF3,Cargo B
Q02078,Cargo B
Q5VV17,Cargo B
Q49AN0,Cargo B
O95251,Cargo B
Q8N4B1,Cargo B
Q9P1U1,Cargo B
P62424,Cargo B
Q53ET0,Cargo B
O43524,Cargo B
O95997,Cargo B
Q96QP1,Cargo B
P23490,Cargo B
P56181,Cargo B
Q92613,Cargo B
P52272,Cargo B
P78337,Cargo B
O95067,Cargo B
P35659,Cargo B
Q9NQY0,Cargo B
Q13227,Cargo B
P57059,Cargo B
P26651,Cargo B
Q86UD0,Cargo B
P31151,Cargo B
Q86V81,Cargo B
P62753,Cargo B
Q9H9H4,Cargo B
O00311,Cargo B
Q96DF8,Cargo B
Q92841,Cargo B
Q9UKZ1,Cargo B
Q9Y446,Cargo B
Q96HN2,Cargo B
Q13425,Cargo B
Q7RTN6,Cargo B
Q6NXT1,Cargo B
Q969T3,Cargo B
Q9HCM7,Cargo B
Q8IXQ4,Cargo B
Q8N2M8,Cargo B
P48730,Cargo B
Q01804,Cargo B
P46779,Cargo B
Q8TED0,Cargo B
Q8NAV1,Cargo B
P62917,Cargo B
Q8N3J3,Cargo B
Q12857,Cargo B
Q96FK6,Cargo B
Q9UQC2,Cargo B
Q9H2G9,Cargo B
Q9BX40,Cargo B
Q8WUA2,Cargo B
O94763,Cargo B
Q6ICB4,Cargo B
Q16637,Cargo B
Q15543,Cargo B
Q8TAP8,Cargo B
Q9NSI2,Cargo B
P61244,Cargo B
P41279,Cargo B
Q9H078,Cargo B
Q8TBZ3,Cargo B
Q5VWQ8,Cargo B
O94972,Cargo B
Q96CF2,Cargo B
O60318,Cargo B
Q9UJY1,Cargo B
P51957,Cargo B
O75901,Cargo B
Q00587,Cargo B
Q15041,Cargo B
Q9NVH1,Cargo B
Q96CX6,Cargo B
Q9HAP2,Cargo B
Q9NP71,Cargo B
Q9HC44,Cargo B
Q6PCD5,Cargo B
Q02878,Cargo B
Q96JC9,Cargo B
P36578,Cargo B
Q16514,Cargo B
Q9UJM3,Cargo B
P62906,Cargo B
P18074,Cargo B
Q8IZE3,Cargo B
O75052,Cargo B
Q07955,Cargo B
Q15434,Cargo B
O75030,Cargo B
Q9BRS2,Cargo B
Q02809,Cargo B
Q96AP0,Cargo B
Q12778,Cargo B
Q9H706,Cargo B
Q15051,Cargo B
O15234,Cargo B
O75474,Cargo B
Q9Y2L9,Cargo B
Q9NW61,Cargo B
Q93073,Cargo B
Q9H668,Cargo B
Q8TF46,Cargo B
O14867,Cargo B
Q9NXV6,Cargo B
Q96GY3,Cargo B
Q9BQ70,Cargo B
Q9NYF8,Cargo B
O43822,Cargo B
Q9HAH7,Cargo B
Q8NG27,Cargo B
Q8NA72,Cargo B
Q15269,Cargo B
Q9H5Z1,Cargo B
A0AVF1,Cargo B
Q96PY6,Cargo B
P29558,Cargo B
Q8NAA4,Cargo B
Q13887,Cargo B
Q8N2Y8,Cargo B
Q9BW66,Cargo B
Q9NX40,Cargo B
Q13523,Cargo B
Q9Y4G8,Cargo B
Q96EY4,Cargo B
Q15061,Cargo B
Q9NRX1,Cargo B
Q5XX13,Cargo B
Q9Y2J4,Cargo B
Q86SX3,Cargo B
Q969U6,Cargo B
Q9NW75,Cargo B
Q5JU85,Cargo B
Q9Y2Z2,Cargo B
Q13123,Cargo B
Q969X6,Cargo B
P26440,Cargo B
Q8N5U6,Cargo B
Q9H211,Cargo B
Q96EZ8,Cargo B
Q86WR7,Cargo B
Q9UM82,Cargo B
Q6P1K8,Cargo B
Q6RFH5,Cargo B
Q5W0B1,Cargo B
Q96P50,Cargo B
Q9NWQ9,Cargo B
Q8NHP6,Cargo B
Q9UNY4,Cargo B
Q9UPW5,Cargo B
Q9H9G7,Cargo B
Q8IVT5,Cargo B
Q13247,Cargo B
Q92540,Cargo B
O15534,Cargo B
P83369,Cargo B
Q6QNY0,Cargo B
Q9NYZ3,Cargo B
Q8IWW6,Cargo B
Q2M3G0,Low Abundant Cargo
Q8TF01,Low Abundant Cargo
P78314,Low Abundant Cargo
Q9UJX5,Low Abundant Cargo
O75323,Low Abundant Cargo
Q9H875,Low Abundant Cargo
Q6PGQ7,Low Abundant Cargo
Q9NS23,Low Abundant Cargo
Q9HAV0,Low Abundant Cargo
O15460,Low Abundant Cargo
Q6UN15,Low Abundant Cargo
O00165,Low Abundant Cargo
O43900,Low Abundant Cargo
Q52LJ0,Low Abundant Cargo
Q9NRG9,Low Abundant Cargo
Q96QD5,Low Abundant Cargo
Q5VY09,Low Abundant Cargo
Q96CW5,Low Abundant Cargo
O95235,Low Abundant Cargo
Q9H019,Low Abundant Cargo
Q5SY16,Low Abundant Cargo
Q96EV2,Low Abundant Cargo
O95271,Low Abundant Cargo
Q9NY61,Low Abundant Cargo
Q6ZW76,Low Abundant Cargo
Q96L14,Low Abundant Cargo
Q9NXV2,Low Abundant Cargo
Q5T5P2,Low Abundant Cargo
P52815,Low Abundant Cargo
Q9UPU9,Low Abundant Cargo
P30305,Low Abundant Cargo
Q9UPQ3,Low Abundant Cargo
Q9H992,Low Abundant Cargo
Q9Y5Q8,Low Abundant Cargo
Q9BUH8,Low Abundant Cargo
Q9GZN7,Low Abundant Cargo
Q9NQ29,Low Abundant Cargo
O43196,Low Abundant Cargo
Q13772,Low Abundant Cargo
Q8N5I2,Low Abundant Cargo
Q9UPV9,Low Abundant Cargo
Q8IWP9,Low Abundant Cargo
Q9NQC7,Low Abundant Cargo
Q58A45,Low Abundant Cargo
Q8WVD3,Low Abundant Cargo
Q5T686,Low Abundant Cargo
Q92733,Low Abundant Cargo
O43303,Low Abundant Cargo
Q9Y6B2,Low Abundant Cargo
Q86WH2,Low Abundant Cargo
Q2NKX9,Low Abundant Cargo
Q8NHV4,Low Abundant Cargo
P35222,Low Abundant Cargo
P46778,Low Abundant Cargo
Q96MH7,Low Abundant Cargo
P37235,Low Abundant Cargo
Q9BWF3,Low Abundant Cargo
Q5VT52,Low Abundant Cargo
Q96RF0,Low Abundant Cargo
Q8N0Z3,Low Abundant Cargo
Q16629,Low Abundant Cargo
A2A3K4,Low Abundant Cargo
P57768,Low Abundant Cargo
Q8N3Y1,Low Abundant Cargo
Q99759,Low Abundant Cargo
Q9Y2P8,Low Abundant Cargo
Q96I25,Low Abundant Cargo
Q9NRA8,Low Abundant Cargo
Q9NWQ4,Low Abundant Cargo
Q9H6H4,Low Abundant Cargo
P08621,Low Abundant Cargo
P0C1Z6,Low Abundant Cargo
O60296,Low Abundant Cargo
Q16829,Low Abundant Cargo
O14640,Low Abundant Cargo
P04279,Low Abundant Cargo
Q8N5D0,Low Abundant Cargo
Q9H081,Low Abundant Cargo
Q13487,Low Abundant Cargo
Q96GD4,Low Abundant Cargo
O15287,Low Abundant Cargo
Q6PII3,Low Abundant Cargo
Q01085,Low Abundant Cargo
Q9UM13,Low Abundant Cargo
Q15287,Low Abundant Cargo
Q969G3,Low Abundant Cargo
Q969R5,Low Abundant Cargo
Q6ZRI6,Low Abundant Cargo
O15228,Low Abundant Cargo
Q93074,Low Abundant Cargo
Q9NYY3,Low Abundant Cargo
Q9UKA2,Low Abundant Cargo
Q9Y2L6,Low Abundant Cargo
Q9BRK4,Low Abundant Cargo
Q9Y2X3,Low Abundant Cargo
P51817,Low Abundant Cargo
Q09019,Low Abundant Cargo
O60303,Low Abundant Cargo
Q15233,Low Abundant Cargo
O95391,Low Abundant Cargo
Q9Y5J1,Low Abundant Cargo
Q96IU2,Low Abundant Cargo
Q9BPW8,Low Abundant Cargo
Q9BVI4,Low Abundant Cargo
Q8IZH2,Low Abundant Cargo
Q8IV48,Low Abundant Cargo
Q9UI08,Low Abundant Cargo
Q8IUW3,Low Abundant Cargo
Q9NP74,Low Abundant Cargo
Q6WKZ4,Low Abundant Cargo
Q14106,Low Abundant Cargo
Q9UIM3,Low Abundant Cargo
Q13243,Low Abundant Cargo
Q16623,Low Abundant Cargo
Q8IYL3,Low Abundant Cargo
Q9P0W2,Low Abundant Cargo
O43542,Low Abundant Cargo
P62068,Low Abundant Cargo
Q5JTC6,Low Abundant Cargo
Q9NRH2,Low Abundant Cargo
Q9Y5Q9,Low Abundant Cargo
Q8N9W5,Low Abundant Cargo
Q15650,Low Abundant Cargo
Q96HP0,Low Abundant Cargo
P31942,Low Abundant Cargo
O00116,Low Abundant Cargo
O95263,Low Abundant Cargo
O00186,Low Abundant Cargo
Q3B7J2,Low Abundant Cargo
Q8IZ07,Low Abundant Cargo
Q9NXC2,Low Abundant Cargo
Q9UN79,Low Abundant Cargo
P62166,Low Abundant Cargo
Q9NR81,Low Abundant Cargo
Q8IZD4,Low Abundant Cargo
Q13233,Low Abundant Cargo
Q9H0J9,Low Abundant Cargo
Q9NZI8,Low Abundant Cargo
O15037,Low Abundant Cargo
Q86WG5,Low Abundant Cargo
Q86SE9,Low Abundant Cargo
P41162,Low Abundant Cargo
Q02833,Low Abundant Cargo
Q9UKE5,Low Abundant Cargo
Q9NXB0,Low Abundant Cargo
Q4VXU2,Low Abundant Cargo
Q8TB45,Low Abundant Cargo
P22087,Low Abundant Cargo
Q12986,Low Abundant Cargo
O14939,Low Abundant Cargo
O60347,Low Abundant Cargo
Q5SSJ5,Low Abundant Cargo
Q9P203,Low Abundant Cargo
Q9NQT4,Low Abundant Cargo
Q8TAM1,Low Abundant Cargo
P48449,Low Abundant Cargo
P60201,Low Abundant Cargo
Q9H0S4,Low Abundant Cargo
Q8N6I1,Low Abundant Cargo
Q9BYW2,Low Abundant Cargo
Q9BQ90,Low Abundant Cargo
Q9Y697,Low Abundant Cargo
Q96DI7,Low Abundant Cargo
Q9Y2D8,Low Abundant Cargo
Q5VT06,Low Abundant Cargo
Q96MH2,Low Abundant Cargo
Q86XZ4,Low Abundant Cargo
Q9HBH0,Low Abundant Cargo
Q9P0W5,Low Abundant Cargo
Q9BRQ8,Low Abundant Cargo
Q86UU1,Low Abundant Cargo
Q15797,Low Abundant Cargo
Q6ZW49,Low Abundant Cargo
A6NGR9,Low Abundant Cargo
Q9H1J1,Low Abundant Cargo
Q8N137,Low Abundant Cargo
O14893,Low Abundant Cargo
Q7Z5Y7,Low Abundant Cargo
Q96RT1,Low Abundant Cargo
Q9P2M4,Low Abundant Cargo
O75886,Low Abundant Cargo
P22736,Low Abundant Cargo
O95619,Low Abundant Cargo
Q8N9N7,Low Abundant Cargo
Q9UJA3,Low Abundant Cargo
O95639,Low Abundant Cargo
Q9UBL3,Low Abundant Cargo
Q5T5U3,Low Abundant Cargo
Q06330,Low Abundant Cargo
Q9BVJ6,Low Abundant Cargo
Q96CJ1,Low Abundant Cargo
O43660,Low Abundant Cargo
Q9H0E2,Low Abundant Cargo
P38432,Low Abundant Cargo
Q92585,Low Abundant Cargo
Q9UPX8,Low Abundant Cargo
Q9H6X5,Low Abundant Cargo
O95760,Low Abundant Cargo
Q9HCH0,Low Abundant Cargo
Q9NXR1,Low Abundant Cargo
Q9H8Y5,Low Abundant Cargo
Q9UBU7,Low Abundant Cargo
Q13829,Low Abundant Cargo
Q96C57,Low Abundant Cargo
O14713,Low Abundant Cargo
Q969G5,Low Abundant Cargo
Q92966,Low Abundant Cargo
Q9P2S5,Low Abundant Cargo
Q9NY93,Low Abundant Cargo
Q70Z53,Low Abundant Cargo
Q8IWZ8,Low Abundant Cargo
Q9HCJ0,Low Abundant Cargo
Q9C0D7,Low Abundant Cargo
O15169,Low Abundant Cargo
Q9NSY1,Low Abundant Cargo
Q9BZ72,Low Abundant Cargo
Q7Z3K3,Low Abundant Cargo
Q969S9,Low Abundant Cargo
Q9H147,Low Abundant Cargo
Q9NYH9,Low Abundant Cargo
O15049,Low Abundant Cargo
Q8IWR0,Low Abundant Cargo
Q86VX9,Low Abundant Cargo
Q02543,Low Abundant Cargo
Q8N1B4,Low Abundant Cargo
Q9H0I2,Low Abundant Cargo
Q9UQL6,Low Abundant Cargo
P42568,Low Abundant Cargo
Q99550,Low Abundant Cargo
Q6PGN9,Low Abundant Cargo
Q07343,Low Abundant Cargo
Q9NRR4,Low Abundant Cargo
Q9P0L0,Low Abundant Cargo
Q9Y2M5,Low Abundant Cargo
Q92615,Low Abundant Cargo
Q9BXF6,Low Abundant Cargo
Q9Y2K1,Low Abundant Cargo
Q99653,Low Abundant Cargo
Q9HAU0,Low Abundant Cargo
B2RTY4,Ambiguous
Q9UPQ9,Ambiguous
Q9C0B9,Ambiguous
Q12968,Ambiguous
Q5VZE5,Ambiguous
Q14596,Ambiguous
Q9H8H0,Ambiguous
Q9UJV9,Ambiguous
O15061,Ambiguous
Q86VI3,Ambiguous
Q9Y2K2,Ambiguous
O43395,Ambiguous
Q9C0B0,Ambiguous
Q8TCB7,Ambiguous
Q9Y2K5,Ambiguous
Q9Y4F5,Ambiguous
Q8N9R8,Ambiguous
P11137,Ambiguous
Q9UBB9,Ambiguous
Q8TAP6,Ambiguous
Q86SQ0,Ambiguous
Q96LI5,Ambiguous
O60563,Ambiguous
Q8ND04,Ambiguous
P53350,Ambiguous
Q8TEW0,Ambiguous
Q9UH92,Ambiguous
Q14CZ0,Ambiguous
O15042,Ambiguous
Q9BYM8,Ambiguous
Q9BSU1,Ambiguous
Q8N1W1,Ambiguous
Q6NZI2,Ambiguous
Q9Y5T5,Ambiguous
Q13049,Ambiguous
Q9UPN4,Ambiguous
Q96IY1,Ambiguous
Q5F1R6,Ambiguous
O15344,Ambiguous
Q86XP3,Ambiguous
O15514,Ambiguous
P28290,Ambiguous
P40429,Ambiguous
Q9BUL5,Ambiguous
P0C7T5,Ambiguous
O43896,Ambiguous
Q8IWX8,Ambiguous
Q92539,Ambiguous
Q147X3,Ambiguous
Q8N4C8,Ambiguous
Q9NUX5,Ambiguous
Q9Y580,Ambiguous
P41214,Ambiguous
Q9Y2W2,Ambiguous
P42679,Ambiguous
Q9UKB1,Ambiguous
Q9NZJ0,Ambiguous
Q9UFF9,Ambiguous
Q9H3Q1,Ambiguous
Q13608,Ambiguous
P20929,Ambiguous
Q9NZB2,Ambiguous
Q5T6F2,Ambiguous
P25054,Ambiguous
Q9BVP2,Ambiguous
Q9Y592,Ambiguous
O94880,Ambiguous
Q9BXL6,Ambiguous
Q03468,Ambiguous
Q8TEQ0,Ambiguous
Q14241,Ambiguous
Q15329,Ambiguous
Q6Q0C0,Ambiguous
Q8TAF3,Ambiguous
Q9UJX6,Ambiguous
P07942,Ambiguous
Q8NBP7,Ambiguous
Q16659,Ambiguous
Q13042,Ambiguous
Q9H9A5,Ambiguous
Q8IWJ2,Ambiguous
Q4KMP7,Ambiguous
Q9Y485,Ambiguous
P51970,Ambiguous
Q9NYA4,Ambiguous
Q9UPT8,Ambiguous
Q08380,Ambiguous
Q8TEP8,Ambiguous
Q9Y5X1,Ambiguous
Q5T2E6,Ambiguous
Q6PID8,Ambiguous
Q9NQA3,Ambiguous
Q9BQF6,Ambiguous
Q9ULM6,Ambiguous
Q9Y217,Ambiguous
O15164,Ambiguous
A6NKT7,Ambiguous
O00443,Ambiguous
Q8N5C8,Ambiguous
Q2KHR3,Ambiguous
Q9H1A4,Ambiguous
Q86W92,Ambiguous
P10909,Ambiguous
Q9NQW6,Ambiguous
Q14186,Ambiguous
Q9H0W8,Ambiguous
Q9UQ35,Ambiguous
Q5VW36,Ambiguous
Q15468,Ambiguous
Q8N0Z6,Ambiguous
Q6P1M9,Ambiguous
P84098,Ambiguous
Q9H307,Ambiguous
Q9HB21,Ambiguous
Q7L2J0,Ambiguous
Q7Z478,Ambiguous
Q96FC9,Ambiguous
A0JNW5,Ambiguous
Q15596,Ambiguous
O75909,Ambiguous
Q9BVG8,Ambiguous
Q9HAS0,Ambiguous
O00139,Ambiguous
Q5RKV6,Ambiguous
Q12980,Ambiguous
Q9BYJ4,Ambiguous
Q01844,Ambiguous
O15231,Ambiguous
Q13615,Ambiguous
P27635,Ambiguous
P33981,Ambiguous
Q8N3C0,Ambiguous
A6NKZ8,Ambiguous
Q5QP82,Ambiguous
Q86X10,Ambiguous
Q9H3H3,Ambiguous
Q8WW59,Ambiguous
Q96GM8,Ambiguous
Q8IWZ3,Ambiguous
Q8N6R0,Ambiguous
Q9Y4E1,Ambiguous
Q12872,Ambiguous
Q9HCK8,Ambiguous
Q63HR2,Ambiguous
P06400,Ambiguous
Q96ES7,Ambiguous
P27448,Ambiguous
Q9H4H8,Ambiguous
Q13424,Ambiguous
O43823,Ambiguous
O75376,Ambiguous
Q8WXE0,Ambiguous
Q9NZ71,Ambiguous
P42766,Ambiguous
Q96G01,Ambiguous
Q7KZI7,Ambiguous
Q5JTH9,Ambiguous
O43683,Ambiguous
Q8TBB5,Ambiguous
O76080,Ambiguous
Q9BZH6,Ambiguous
Q8NG31,Ambiguous
Q14192,Ambiguous
Q86V87,Ambiguous
Q9UBZ4,Ambiguous
Q9H410,Ambiguous
Q6AI12,Ambiguous
Q9UJK0,Ambiguous
P29597,Ambiguous
Q9UPR3,Ambiguous
Q9NVZ3,Ambiguous
Q9BZF3,Ambiguous
Q8TCU4,Ambiguous
Q9BY44,Ambiguous
Q9H4L5,Ambiguous
Q9Y3S1,Ambiguous
P35326,Ambiguous
Q9Y2G9,Ambiguous
Q8IVF2,Ambiguous
Q9H7C4,Ambiguous
Q9Y4B4,Ambiguous
Q96JM3,Ambiguous
Q92562,Ambiguous
O95248,Ambiguous
Q8N726,Ambiguous
Q13885,Ambiguous
Q9HC98,Ambiguous
Q92614,Ambiguous
Q9NVU0,Ambiguous
Q14527,Ambiguous
P06576,Ambiguous
Q9Y4L5,Ambiguous
Q5TA45,Ambiguous
Q8IY67,Ambiguous
Q05513,Ambiguous
O43150,Ambiguous
Q8NEB9,Ambiguous
Q09472,Ambiguous
Q9BQI3,Ambiguous
Q9BRQ0,Ambiguous
Q9ULE0,Ambiguous
O95835,Ambiguous
Q9Y4E6,Ambiguous
Q15291,Ambiguous
Q8N3R9,Ambiguous
Q12774,Ambiguous
Q2NL82,Ambiguous
Q9UKL0,Ambiguous
P49959,Ambiguous
Q9HCE5,Ambiguous
P54259,Ambiguous
Q9Y6W5,Ambiguous
P61353,Ambiguous
Q5T750,Ambiguous
Q9UKK3,Ambiguous
Q15311,Ambiguous
P29590,Ambiguous
Q14160,Ambiguous
P26368,Ambiguous
O75179,Ambiguous
Q13555,Ambiguous
Q6XZF7,Ambiguous
Q13625,Ambiguous
Q16594,Ambiguous
Q14152,Ambiguous
Q9NYR9,Ambiguous
Q14498,Ambiguous
P78537,Ambiguous
Q9H3P2,Ambiguous
Q53GL7,Ambiguous
Q13480,Ambiguous
Q96RK0,Ambiguous
Q96AX1,Ambiguous
Q9BYG5,Ambiguous
Q15427,Ambiguous
Q9UK99,Ambiguous
Q96B26,Ambiguous
P62899,Ambiguous
Q8WXI7,Ambiguous
Q9P1Y5,Ambiguous
Q92979,Ambiguous
Q86V97,Ambiguous
Q14669,Ambiguous
Q96JP5,Ambiguous
P16989,Ambiguous
Q12802,Ambiguous
Q96D71,Ambiguous
Q9GZT4,Ambiguous
Q6P2C8,Ambiguous
O94967,Ambiguous
Q9Y285,Ambiguous
O75496,Ambiguous
Q9Y5U2,Ambiguous
Q9H0F6,Ambiguous
P31689,Ambiguous
Q6P0Q8,Ambiguous
Q9H5V9,Ambiguous
Q13614,Ambiguous
O14879,Ambiguous
O14773,Ambiguous
Q15477,Ambiguous
Q69YN2,Ambiguous
Q96P47,Ambiguous
Q5VYS8,Ambiguous
Q14331,Ambiguous
O75143,Ambiguous
O75385,Ambiguous
P35637,Ambiguous
Q9BVA1,Ambiguous
O43809,Ambiguous
Q96P16,Ambiguous
P84103,Ambiguous
Q7Z401,Ambiguous
Q13613,Ambiguous
P50750,Ambiguous
Q969F9,Ambiguous
Q8NC51,Ambiguous
Q8IV33,Ambiguous
Q9H267,Ambiguous
P86791,Ambiguous
O00541,Ambiguous
Q9NRL3,Ambiguous
P04150,Ambiguous
P84090,Ambiguous
O95232,Ambiguous
Q02750,Ambiguous
P42677,Ambiguous
O43815,Ambiguous
O75934,Ambiguous
Q9H6Z4,CRM1 Cofactor
P78406,NPC
P43487,CRM1 Cofactor
P63279,NPC
P52292,NTR
P55060,NTR
P52294,NTR
O00505,NTR
O60684,NTR
O00629,NTR
Q8TEX9,NTR
O95373,NTR
O00410,NTR
Q96P70,NTR
Q14974,NTR
Q9HAV4,NTR
Q9UI26,NTR
O15397,NTR
Q92973,NTR
Q9Y5L0,NTR
Q9C0E2,NTR
Q9UIA9,NTR
O43592,NTR
Q9BVL2,NUP
Q7Z3B4,NUP
P49790,NUP
Q96HA1,NUP
P52948,NUP
Q99567,NUP
P37198,NUP
P49792,NUP
P35658,NUP
Q5SRE5,NUP
Q8N1F7,NUP
Q12769,NUP
Q9BW27,NUP
Q96EE3,NUP
Q8NFH3,NUP
P57740,NUP
Q8NFH4,NUP
Q8WUM0,NUP
Q92621,NUP
O75694,NUP
Q8NDV7,Ambiguous
Q8NE35,Ambiguous
Q9Y2I9,Ambiguous
Q96NL6,Ambiguous
Q9BVV6,Ambiguous
Q969Q6,Ambiguous
Q9HC77,Ambiguous
Q6ZRV2,Ambiguous
Q96QA5,Ambiguous
Q8WVV4,Ambiguous
O60307,Ambiguous
Q5T4F4,Ambiguous
Q07283,Ambiguous
O60568,Ambiguous
Q14687,Ambiguous
Q2KHT3,Ambiguous
O60281,Ambiguous
P05783,Ambiguous
P63165,Ambiguous
Q14774,Ambiguous
Q14999,Ambiguous
P42357,Ambiguous
Q01469,Ambiguous
Q9UMY1,Ambiguous
Q6DD88,Ambiguous
Q9P0U4,Ambiguous
P26373,Ambiguous
Q6GYQ0,Ambiguous
P25705,Ambiguous
Q8WZ42,Ambiguous
Q92622,Ambiguous
Q9UKA4,Ambiguous
Q8TES7,Ambiguous
Q15517,Ambiguous
O43290,Ambiguous
Q6WRX3,Ambiguous
Q6ZTN6,Ambiguous
Q12923,Ambiguous
Q9BRX9,Ambiguous
Q71RC2,Ambiguous
Q86US8,Ambiguous
Q8NHY2,Ambiguous
P25311,Ambiguous
Q92793,Ambiguous
Q9BX69,Ambiguous
Q9H2D6,Ambiguous
Q9Y3B9,Ambiguous
Q9NZT1,Ambiguous
Q3MIN7,Ambiguous
Q9HAF1,Ambiguous
Q9NRJ4,Ambiguous
Q86VM9,Ambiguous
Q9ULL1,Ambiguous
Q92558,Ambiguous
Q9Y618,Ambiguous
Q9NUL3,Ambiguous
P16403,Ambiguous
Q58EX7,Ambiguous
Q99633,Ambiguous
Q12788,Ambiguous
Q8IYL2,Ambiguous
Q14244,Ambiguous
P14923,Ambiguous
Q6P3S6,Ambiguous
P41002,Ambiguous
Q8NHQ9,Ambiguous
Q9H8V3,Ambiguous
Q5SZK8,Ambiguous
Q16610,Ambiguous
Q8WUQ7,Ambiguous
Q9Y620,Ambiguous
Q13112,Ambiguous
Q8NB91,Ambiguous
Q5VWN6,Ambiguous
P26045,Ambiguous
Q9NXA8,Ambiguous
P05089,Ambiguous
Q9H583,Ambiguous
Q9BSJ8,Ambiguous
Q08554,Ambiguous
Q13835,Ambiguous
Q8NDG6,Ambiguous
Q96C12,Ambiguous
Q9NVW2,Ambiguous
O43548,Ambiguous
Q9H792,Ambiguous
Q9Y4G2,Ambiguous
Q99878,Ambiguous
Q6ZVX7,Ambiguous
Q6P2P2,Ambiguous
P01876,Ambiguous
Q13535,Ambiguous
Q9NXG0,Ambiguous
Q9UBL6,Ambiguous
Q53F19,Ambiguous
O00522,Ambiguous
Q5T749,Ambiguous
P01040,Ambiguous
Q7Z7L7,Ambiguous
O94986,Ambiguous
A8MPP1,Ambiguous
Q96RT7,Ambiguous
Q99661,Ambiguous
Q7Z5K2,Ambiguous
P49454,Ambiguous
Q9Y2F5,Ambiguous
Q02413,Ambiguous
Q9UKV8,Ambiguous
P78363,Ambiguous
P29120,Ambiguous
Q96BD8,Ambiguous
P68871,Ambiguous
Q9UG01,Ambiguous
Q13325,Ambiguous
Q9UHI6,Ambiguous
P34947,Ambiguous
Q9NR80,Ambiguous
P48681,Ambiguous
Q15788,Ambiguous
P22735,Ambiguous
Q8IWA0,Ambiguous
Q8IWF6,Ambiguous
O14647,Ambiguous
O94761,Ambiguous
Q03001,Ambiguous
P31944,Ambiguous
P46060,Ambiguous
Q969K3,Ambiguous
Q08188,Ambiguous
Q92564,Ambiguous
Q08AF3,Ambiguous
O75161,Ambiguous
Q9ULD2,Ambiguous
Q68DK2,Ambiguous
Q99700,Ambiguous
Q2VPB7,Ambiguous
Q9H9Y6,Ambiguous
P02786,Ambiguous
Q99590,Ambiguous
Q2NKJ3,Ambiguous
Q9P0W8,Ambiguous
Q15022,Ambiguous
Q9UPN6,Ambiguous
P42356,Ambiguous
Q9H6T0,Ambiguous
Q5TAX3,Ambiguous
Q9P2G1,Ambiguous
P07437,Ambiguous
P35908,Ambiguous
Q6P6C2,Ambiguous
Q12830,Ambiguous
O43818,Ambiguous
P50416,Ambiguous
P31152,Ambiguous
Q15438,Ambiguous
Q6PIW4,Ambiguous
P78347,Ambiguous
Q14161,Ambiguous
Q09013,Ambiguous
Q9UL18,Ambiguous
Q7Z333,Ambiguous
Q8NI36,Ambiguous
P50897,Ambiguous
Q8TEL6,Ambiguous
O94906,Ambiguous
Q68DQ2,Ambiguous
Q14574,Ambiguous
Q9HCE1,Ambiguous
Q9Y2I7,Ambiguous
Q15345,Ambiguous
Q9H9L4,Ambiguous
Q9BQI6,Ambiguous
Q9P2B4,Ambiguous
Q9Y3T6,Ambiguous
Q9UK61,Ambiguous
O15055,Ambiguous
Q66LE6,Ambiguous
O95602,Ambiguous
Q9BQE3,Ambiguous
Q9Y3C0,Ambiguous
O60942,Ambiguous
Q7Z7G8,Ambiguous
Q7L099,Ambiguous
Q5HYK7,Ambiguous
Q9NW64,Ambiguous
O15360,Ambiguous
Q9UKJ3,Ambiguous
Q66K89,Ambiguous
Q14562,Ambiguous
Q8NB90,Ambiguous
Q96P63,Ambiguous
Q6UWP8,Ambiguous
Q6PJT7,Ambiguous
Q9H6S1,Ambiguous
O75787,Ambiguous
P81605,Ambiguous
P05109,Ambiguous
O14775,Ambiguous
Q4G0J3,Ambiguous
O75330,Ambiguous
P61626,Ambiguous
Q7Z2Z2,Ambiguous
P11498,Ambiguous
Q8WXE9,Ambiguous
Q9NWK9,Ambiguous
P12273,Ambiguous
Q99996,Ambiguous
Q8TDJ6,Ambiguous
O75064,Ambiguous
O00628,Ambiguous
Q9Y6R4,Ambiguous
Q9HCG8,Ambiguous
Q9NYB9,Ambiguous
Q96RT8,Ambiguous
P07355,Ambiguous
O60884,Ambiguous
P06702,Ambiguous
Q8IUC4,Ambiguous
Q9NQT5,Ambiguous
Q08117,Ambiguous
Q8WYH8,Ambiguous
Q63HN8,Ambiguous
Q9BUF5,Ambiguous
O60506,Ambiguous
Q92499,Ambiguous
Q9UBK9,Ambiguous
Q96PE2,Ambiguous
Q86VV8,Ambiguous
Q9Y587,Ambiguous
Q9BQE5,Ambiguous
Q14155,Ambiguous
P61960,Ambiguous
Q9BV38,Ambiguous
A6NHL2,Ambiguous
Q86XI2,Ambiguous
Q16342,Ambiguous
Q9UJF2,Ambiguous
B1AJZ9,Ambiguous
P62136,Ambiguous
Q9Y4P8,Ambiguous
Q6NXR4,Ambiguous
O94973,Ambiguous
P57678,Ambiguous
Q9UGJ1,Ambiguous
Q9Y5B8,Ambiguous
P51659,Ambiguous
Q56P03,Ambiguous
O95260,Ambiguous
P25098,Ambiguous
P56524,Ambiguous
Q9H8N7,Ambiguous
O43426,Ambiguous
Q92783,Ambiguous
Q6WCQ1,Ambiguous
Q9H4P4,Ambiguous
Q06190,Ambiguous
Q8IY37,Ambiguous
Q5T9S5,Ambiguous
Q9UHR4,Ambiguous
P62805,Ambiguous
P15924,Ambiguous
P62140,Ambiguous
Q9Y2U5,Ambiguous
Q53GA4,Ambiguous
Q06609,Ambiguous
Q9Y2U9,Ambiguous
Q9H6R4,Ambiguous
Q9HBG6,Ambiguous
P02788,Ambiguous
Q8IWV7,Ambiguous
P28715,Ambiguous
Q9UPP1,Ambiguous
Q2PPJ7,Ambiguous
Q13085,Ambiguous
Q9UEE9,Ambiguous
Q6VY07,Ambiguous
O43709,Ambiguous
Q96BJ3,Ambiguous
Q1KMD3,Ambiguous
Q96KQ4,Ambiguous
O00507,Ambiguous
Q99880,Ambiguous
P49662,Ambiguous
Q8WX93,Ambiguous
Q96EB1,Ambiguous
P30050,Ambiguous
O95295,Ambiguous
Q5TZA2,Ambiguous
Q70CQ2,Ambiguous
P09914,Ambiguous
O60294,Ambiguous
P18621,Ambiguous
O75449,Ambiguous
Q71DI3,Ambiguous
P39019,Ambiguous
Q8N5S9,Ambiguous
Q9BSJ2,Ambiguous
Q96EP0,Ambiguous
Q9Y3B2,Ambiguous
O43933,Ambiguous
Q6PKG0,Ambiguous
O43299,Ambiguous
Q53GS9,Ambiguous
P63244,Ambiguous
P50454,Ambiguous
P52306,Ambiguous
O15294,Ambiguous
P53990,Ambiguous
Q9UNF0,Ambiguous
P16383,Ambiguous
P15036,Ambiguous
Q05397,Ambiguous
Q9P1Z2,Ambiguous
P42684,Ambiguous
Q8IZL8,Ambiguous
Q9NRW7,Ambiguous
P09493,Ambiguous
Q6PEV8,Ambiguous
P30153,Ambiguous
Q86Y56,Ambiguous
Q13643,Ambiguous
P80217,Ambiguous
Q13618,Ambiguous
Q9Y312,Ambiguous
Q9Y6K9,Ambiguous
P33240,Ambiguous
O14920,Ambiguous
Q9H0K6,Ambiguous
Q06265,Ambiguous
Q9BUJ2,Ambiguous
Q9Y496,Ambiguous
Q6P1K2,Ambiguous
Q15154,Ambiguous
O95573,Ambiguous
Q8N392,Ambiguous
Q14CS0,Ambiguous
Q9H0D6,Ambiguous
P04792,Ambiguous
Q9C0C9,Ambiguous
P23193,Ambiguous
Q13131,Ambiguous
P29084,Ambiguous
Q8NC96,Ambiguous
Q8NCF5,Ambiguous
Q8NBA8,Ambiguous
O14964,Ambiguous
Q9Y5X2,Ambiguous
Q9C0C7,Ambiguous
Q07820,Ambiguous
Q9UMR2,Ambiguous
Q9ULR0,Ambiguous
Q9Y6J9,Ambiguous
Q14980,Ambiguous
Q96GS4,Ambiguous
Q8IYB3,Ambiguous
P23284,Ambiguous
Q15020,Ambiguous
Q9UNS2,Ambiguous
Q09666,Ambiguous
P35250,Ambiguous
P18615,Ambiguous
P19105,Ambiguous
Q96AY4,Ambiguous
P32969,Ambiguous
Q5THJ4,Ambiguous
P61956,Ambiguous
P37108,Ambiguous
Q9UMS4,Ambiguous
O60341,Ambiguous
Q6BDS2,Ambiguous
Q9NW08,Ambiguous
Q99536,Ambiguous
O14976,Ambiguous
P49815,Ambiguous
Q5SW96,Ambiguous
Q8WV41,Ambiguous
O95613,Ambiguous
Q3KQU3,Ambiguous
O43148,Ambiguous
Q4G0F5,Ambiguous
Q9H3F6,Ambiguous
Q8WUF8,Ambiguous
P78395,Ambiguous
Q9H9T3,Ambiguous
P60866,Ambiguous
Q13547,Ambiguous
Q8WWI1,Ambiguous
O60488,Ambiguous
Q00403,Ambiguous
Q8N1G4,Ambiguous
Q9UNT1,Ambiguous
Q9NUJ3,Ambiguous
Q96ME1,Ambiguous
Q9HCS7,Ambiguous
Q92974,Ambiguous
Q8WVZ9,Ambiguous
Q9P206,Ambiguous
O94913,Ambiguous
Q9UKY7,Ambiguous
Q13045,Ambiguous
P09884,Ambiguous
P49356,Ambiguous
Q9Y333,Ambiguous
P62244,Ambiguous
Q6UX04,Ambiguous
Q86UU0,Ambiguous
Q7L5Y9,Ambiguous
Q8N6M0,Ambiguous
O14646,Ambiguous
Q9P0N9,Ambiguous
Q08211,Ambiguous
Q68CZ1,Ambiguous
Q9NYV6,Ambiguous
Q8IUR7,Ambiguous
Q15751,Ambiguous
O43805,Ambiguous
Q9H6S0,Ambiguous
Q86W42,Ambiguous
Q9UI42,Ambiguous
Q16531,Ambiguous
Q14247,Ambiguous
Q9Y383,Ambiguous
Q13619,Ambiguous
P78318,Ambiguous
Q96RS6,Ambiguous
P62318,Ambiguous
Q9UBQ5,Ambiguous
Q8WX92,Ambiguous
P29083,Ambiguous
Q92769,Ambiguous
Q9BVM2,Ambiguous
P51948,Ambiguous
Q9Y4C2,Ambiguous
O15066,Ambiguous
P23497,Ambiguous
O60645,Ambiguous
Q9UL63,Ambiguous
Q9NW68,Ambiguous
Q9H7P9,Ambiguous
Q9BZD4,Ambiguous
O00562,Ambiguous
O75165,Ambiguous
Q9UKV3,Ambiguous
Q99873,Ambiguous
P06493,Ambiguous
P54619,Ambiguous
Q13287,Ambiguous
P35249,Ambiguous
P46736,Ambiguous
P30154,Ambiguous
Q9UJW0,Ambiguous
P36873,Ambiguous
Q8TDX7,Ambiguous
P31943,Ambiguous
Q8IWV8,Ambiguous
Q9NZ63,Ambiguous
Q8TDY2,Ambiguous
Q92878,Ambiguous
Q8NBT2,Ambiguous
Q6UVJ0,Ambiguous
Q14137,Ambiguous
O00469,Ambiguous
Q9H0R1,Ambiguous
A7KAX9,Ambiguous
Q15014,Ambiguous
P52907,Ambiguous
P35268,Ambiguous
Q9H074,Ambiguous
Q6PJ69,Ambiguous
Q7Z4V5,Ambiguous
Q9H6E5,Ambiguous
Q13435,Ambiguous
Q86U44,Ambiguous
Q58WW2,Ambiguous
Q9H871,Ambiguous
P51530,Ambiguous
Q9H7D7,Ambiguous
Q9H2C0,Ambiguous
A6ND36,Ambiguous
O15160,Ambiguous
Q96L92,Ambiguous
Q5T5Y3,Ambiguous
P40938,Ambiguous
P26599,Ambiguous
Q92619,Ambiguous
Q13617,Ambiguous
Q5VV41,Ambiguous
P42695,Ambiguous
O75607,Ambiguous
Q9UHR5,Ambiguous
O00303,Ambiguous
Q9Y3A3,Ambiguous
O00763,Ambiguous
P67775,Ambiguous
P49643,Ambiguous
Q5MIZ7,Ambiguous
Q96T60,Ambiguous
O75643,Ambiguous
P14678,Ambiguous
Q8NI35,Ambiguous
Q9C0D5,Ambiguous
P52434,Ambiguous
P02794,Ambiguous
Q96EK7,Ambiguous
P18124,Ambiguous
A6NIH7,Ambiguous
Q5EBL8,Ambiguous
O95359,Ambiguous
Q99729,Ambiguous
Q9UPZ3,Ambiguous
P55196,Ambiguous
Q0PNE2,Ambiguous
Q9NSP4,Ambiguous
P62979,Ambiguous
Q16537,Ambiguous
Q9NZ52,Ambiguous
Q9NWZ5,Ambiguous
Q9H223,Ambiguous
O00459,Ambiguous
Q96F24,Ambiguous
Q99683,Ambiguous
P49840,Ambiguous
P62699,Ambiguous
P58107,Ambiguous
Q92541,Ambiguous
Q6P2Q9,Ambiguous
P46934,Ambiguous
P17812,Ambiguous
P53680,Ambiguous
Q9H9A6,Ambiguous
O95218,Ambiguous
Q8ND90,Ambiguous
P54646,Ambiguous
Q96NC0,Ambiguous
Q96S94,Ambiguous
Q93062,Ambiguous
P62258,Ambiguous
Q53HC5,Ambiguous
P47756,Ambiguous
Q13451,Ambiguous
Q9NXR7,Ambiguous
O75113,Ambiguous
O00512,Ambiguous
Q00839,Ambiguous
Q8IYB7,Ambiguous
Q9NUG6,Ambiguous
P23921,Ambiguous
Q5T447,Ambiguous
P56282,Ambiguous
P08237,Ambiguous
Q13561,Ambiguous
Q7KZF4,Ambiguous
O43739,Ambiguous
P40692,Ambiguous
P61201,Ambiguous
Q99615,Ambiguous
Q9UET6,Ambiguous
A3KN83,Ambiguous
Q13309,Ambiguous
Q13303,Ambiguous
Q96J02,Ambiguous
O00408,Ambiguous
O95816,Ambiguous
Q14008,Ambiguous
Q9UDY4,Ambiguous
Q9BXB4,Ambiguous
Q9Y546,Ambiguous
P07951,Ambiguous
Q04917,Ambiguous
Q9BQ75,Ambiguous
Q96BY7,Ambiguous
Q9UID3,Ambiguous
Q5T8D3,Ambiguous
Q10570,Ambiguous
O94964,Ambiguous
P52597,Ambiguous
Q9H2U1,Ambiguous
Q5VSL9,Ambiguous
Q15545,Ambiguous
Q96C19,Ambiguous
Q9C0B7,Ambiguous
P40937,Ambiguous
P49642,Ambiguous
Q9BV68,Ambiguous
O95229,Ambiguous
Q96A65,Ambiguous
P38919,Ambiguous
P31327,Ambiguous
Q04726,Ambiguous
O43572,Ambiguous
Q9H270,Ambiguous
Q15393,Ambiguous
Q9P289,Ambiguous
O60825,Ambiguous
Q6P1Q9,Ambiguous
Q8TCY9,Ambiguous
P40222,Ambiguous
Q70J99,Ambiguous
Q504Q3,Ambiguous
P31946,Ambiguous
P62913,Ambiguous
Q7KZ85,Ambiguous
O75792,Ambiguous
Q6S8J3,Ambiguous
O15084,Ambiguous
P51946,Ambiguous
O00534,Ambiguous
P60891,Ambiguous
Q9BV44,Ambiguous
O00267,Ambiguous
O75822,Ambiguous
Q15057,Ambiguous
O94830,Ambiguous
Q99973,Ambiguous
O00170,Ambiguous
O94992,Ambiguous
Q9NX08,Ambiguous
O60518,Ambiguous
Q9UH62,Ambiguous
Q9H9C1,Ambiguous
Q9NSG2,Ambiguous
Q6ZT12,Ambiguous
Q7L014,Ambiguous
Q9BPY3,Ambiguous
Q9NY27,Ambiguous
Q5VIR6,Ambiguous
A5PLN9,Ambiguous
Q92845,Ambiguous
P49368,Ambiguous
Q15029,Ambiguous
Q9GZQ8,Ambiguous
O75937,Ambiguous
P60520,Ambiguous
O43427,Ambiguous
Q86VS8,Ambiguous
O95817,Ambiguous
Q9BSB4,Ambiguous
P62888,Ambiguous
P83436,Ambiguous
Q9UNP9,Ambiguous
Q9NRD5,Ambiguous
P46100,Ambiguous
P31947,Ambiguous
Q9UK45,Ambiguous
O15511,Ambiguous
O60921,Ambiguous
Q9ULV4,Ambiguous
Q9BT92,Ambiguous
Q9BRG2,Ambiguous
Q13347,Ambiguous
Q53HC9,Ambiguous
Q9UMX0,Ambiguous
O60256,Ambiguous
Q8WWM7,Ambiguous
Q9C0D3,Ambiguous
Q9NX07,Ambiguous
Q9P227,Ambiguous
P05388,Ambiguous
Q9NNW5,Ambiguous
A6NFI3,Ambiguous
Q9P2K8,Ambiguous
P19338,Ambiguous
Q8TEQ6,Ambiguous
P53367,Ambiguous
Q9NRD1,Ambiguous
Q27J81,Ambiguous
Q9NZ32,Ambiguous
Q9H7E9,Ambiguous
P51532,Ambiguous
Q09028,Ambiguous
P47755,Ambiguous
O95163,Ambiguous
Q96QK1,Ambiguous
Q8IUR0,Ambiguous
O60826,Ambiguous
Q9UL15,Ambiguous
P60842,Ambiguous
Q9P265,Ambiguous
Q9NZT2,Ambiguous
Q13409,Ambiguous
Q92625,Ambiguous
P08236,Ambiguous
Q13395,Ambiguous
Q9Y6G9,Ambiguous
O94888,Ambiguous
Q14432,Ambiguous
O43156,Ambiguous
P30419,Ambiguous
Q16543,Ambiguous
O75821,Ambiguous
Q9H3S7,Ambiguous
Q9NWV8,Ambiguous
Q9Y6E0,Ambiguous
Q9Y448,Ambiguous
P11142,Ambiguous
P63104,Ambiguous
Q9NR46,Ambiguous
Q9UKG1,Ambiguous
Q14240,Ambiguous
P52732,Ambiguous
O43237,Ambiguous
Q96S59,Ambiguous
Q8IXH7,Ambiguous
Q96R06,Ambiguous
P27708,Ambiguous
Q15843,Ambiguous
P50613,Ambiguous
Q9Y5S2,Ambiguous
Q9NVM9,Ambiguous
Q765P7,Ambiguous
Q9UBK8,Ambiguous
P49585,Ambiguous
P62306,Ambiguous
Q53H96,Ambiguous
P55769,Ambiguous
Q5SXM2,Ambiguous
Q92734,Ambiguous
Q9H8S9,Ambiguous
P09417,Ambiguous
Q15056,Ambiguous
O95801,Ambiguous
Q01433,Ambiguous
Q14103,Ambiguous
Q58FF6,Ambiguous
P40227,Ambiguous
Q5JUR7,Ambiguous
Q13136,Ambiguous
P02545,Ambiguous
P40306,Ambiguous
O75419,Ambiguous
Q8WVM8,Ambiguous
Q32P44,Ambiguous
O94916,Ambiguous
P34897,Ambiguous
Q9H1Z4,Ambiguous
O15355,Ambiguous
Q9Y4E8,Ambiguous
Q13573,Ambiguous
O43379,Ambiguous
Q9Y5B6,Ambiguous
Q86U42,Ambiguous
O14744,Ambiguous
Q13098,Ambiguous
P27361,Ambiguous
O96019,Ambiguous
Q6IN85,Ambiguous
Q7L5D6,Ambiguous
Q13616,Ambiguous
Q8IYT4,Ambiguous
Q8WUI4,Ambiguous
Q6YHU6,Ambiguous
Q13107,Ambiguous
Q9H0L4,Ambiguous
O14777,Ambiguous
Q92574,Ambiguous
Q9H269,Ambiguous
O75436,Ambiguous
P10155,Ambiguous
Q13671,Ambiguous
Q9HC35,Ambiguous
Q86VP1,Ambiguous
O43447,Ambiguous
Q9NPD3,Ambiguous
Q9NYL9,Ambiguous
Q8IW41,Ambiguous
P42025,Ambiguous
Q96FZ2,Ambiguous
O60610,Ambiguous
O76071,Ambiguous
Q9NQG5,Ambiguous
Q99627,Ambiguous
Q12874,Ambiguous
Q9Y4X5,Ambiguous
Q15172,Ambiguous
Q9BQ61,Ambiguous
Q9NUL5,Ambiguous
Q9Y2Z0,Ambiguous
Q8N5M4,Ambiguous
Q13610,Ambiguous
O60343,Ambiguous
Q14746,Ambiguous
O95219,Ambiguous
P53396,Ambiguous
Q3MHD2,Ambiguous
P42704,Ambiguous
Q86UA1,Ambiguous
P22626,Ambiguous
Q8NEM2,Ambiguous
O43242,Ambiguous
O75663,Ambiguous
Q9H3U1,Ambiguous
P30990,Ambiguous
Q96Q15,Ambiguous
P27348,Ambiguous
P17987,Ambiguous
P38606,Ambiguous
Q9UBB4,Ambiguous
Q8N0X7,Ambiguous
P04040,Ambiguous
Q15637,Ambiguous
Q13432,Ambiguous
P05549,Ambiguous
P17066,Ambiguous
P55072,Ambiguous
P06748,Ambiguous
O95352,Ambiguous
Q7L576,Ambiguous
P21127,Ambiguous
Q8IZP0,Ambiguous
Q709C8,Ambiguous
Q9Y5B9,Ambiguous
O60333,Ambiguous
O75940,Ambiguous
O43502,Ambiguous
Q9UPT9,Ambiguous
Q86X27,Ambiguous
P78371,Ambiguous
Q7L2H7,Ambiguous
Q5JVF3,Ambiguous
Q92890,Ambiguous
Q13190,Ambiguous
Q9UBT7,Ambiguous
Q15149,Ambiguous
Q9UNN5,Ambiguous
Q9BTY7,Ambiguous
P78527,Ambiguous
P43357,Ambiguous
Q8TE02,Ambiguous
P08238,Ambiguous
P31350,Ambiguous
Q96IJ6,Ambiguous
Q05932,Ambiguous
Q9H2M9,Ambiguous
Q9NVM6,Ambiguous
P43360,Ambiguous
Q16512,Ambiguous
Q96KC2,Ambiguous
P68104,Ambiguous
O14818,Ambiguous
P34931,Ambiguous
P11441,Ambiguous
Q92616,Ambiguous
Q92796,Ambiguous
Q96SU4,Ambiguous
O95239,Ambiguous
Q9BZG1,Ambiguous
Q9H4L7,Ambiguous
P28482,Ambiguous
Q9UHX1,Ambiguous
P62310,Ambiguous
Q9Y371,Ambiguous
Q96P48,Ambiguous
Q13868,Ambiguous
Q99832,Ambiguous
P55884,Ambiguous
P27694,Ambiguous
P17858,Ambiguous
Q9NXH9,Ambiguous
P57076,Ambiguous
Q8TE77,Ambiguous
Q15024,Ambiguous
Q8WUD4,Ambiguous
Q9BW85,Ambiguous
Q96SI1,Ambiguous
Q7Z6B7,Ambiguous
P46379,Ambiguous
P25398,Ambiguous
A6NED2,Ambiguous
Q9UHD9,Ambiguous
Q8NBJ5,Ambiguous
Q96LA8,Ambiguous
P07900,Ambiguous
Q9BQA1,Ambiguous
P63208,Ambiguous
P47813,Ambiguous
Q9Y3D0,Ambiguous
P49458,Ambiguous
Q96SY0,Ambiguous
Q16656,Ambiguous
Q13263,Ambiguous
P53041,Ambiguous
O95166,Ambiguous
Q9NRY5,Ambiguous
O43924,Ambiguous
Q8TEB1,Ambiguous
Q96JH7,Ambiguous
Q6PFW1,Ambiguous
O60306,Ambiguous
Q12982,Ambiguous
Q9UPN3,Ambiguous
P61764,Ambiguous
P61086,Ambiguous
P39748,Ambiguous
Q5TBB1,Ambiguous
Q96CP2,Ambiguous
Q9Y315,Ambiguous
Q32P41,Ambiguous
Q8IWZ6,Ambiguous
Q9BYB4,Ambiguous
P51153,Ambiguous
Q6PGP7,Ambiguous
Q15365,Ambiguous
Q01813,Ambiguous
O43143,Ambiguous
P06730,Ambiguous
Q9BT78,Ambiguous
Q15369,Ambiguous
P11908,Ambiguous
O60671,Ambiguous
Q9NPA3,Ambiguous
P48200,Ambiguous
Q86UX6,Ambiguous
Q6ZMQ8,Ambiguous
Q9NSE4,Ambiguous
Q6ZSZ5,Ambiguous
Q9ULJ3,Ambiguous
Q9Y4C1,Ambiguous
P08107,Ambiguous
Q16576,Ambiguous
Q15645,Ambiguous
P33991,Ambiguous
Q9H444,Ambiguous
O14530,Ambiguous
Q96T76,Ambiguous
Q9Y6E2,Ambiguous
Q15833,Ambiguous
Q92989,Ambiguous
Q9HD26,Ambiguous
P62714,Ambiguous
O94952,Ambiguous
P49721,Ambiguous
P62829,Ambiguous
Q9UH65,Ambiguous
Q9Y606,Ambiguous
Q7Z7A3,Ambiguous
Q9NZZ3,Ambiguous
Q8IZ83,Ambiguous
Q96K21,Ambiguous
Q9Y2A7,Ambiguous
Q01658,Ambiguous
Q9NQZ5,Ambiguous
Q9HB71,Ambiguous
P50991,Ambiguous
Q04637,Ambiguous
P25685,Ambiguous
O60749,Ambiguous
P52789,Ambiguous
Q8NDC0,Ambiguous
P02792,Ambiguous
P09382,Ambiguous
Q7Z3T8,Ambiguous
Q9NVX2,Ambiguous
O95777,Ambiguous
Q8WVT3,Ambiguous
Q32P28,Ambiguous
O00471,Ambiguous
Q8TAG9,Ambiguous
Q9Y5X0,Ambiguous
Q8TCU6,Ambiguous
Q9Y576,Ambiguous
Q14689,Ambiguous
P13489,Ambiguous
P62316,Ambiguous
O95834,Ambiguous
Q9UKF6,Ambiguous
Q9UNE7,Ambiguous
Q5XPI4,Ambiguous
P51610,Ambiguous
Q12905,Ambiguous
Q8IU81,Ambiguous
O43149,Ambiguous
P50990,Ambiguous
P11586,Ambiguous
P28066,Ambiguous
P47712,Ambiguous
P50502,Ambiguous
P62333,Ambiguous
Q99439,Ambiguous
O00232,Ambiguous
O00487,Ambiguous
Q9ULT8,Ambiguous
O75116,Ambiguous
Q9HBL8,Ambiguous
Q5VZK9,Ambiguous
Q9UK76,Ambiguous
Q8N668,Ambiguous
O43852,Ambiguous
P61019,Ambiguous
Q9Y6W3,Ambiguous
P48059,Ambiguous
O00161,Ambiguous
O60293,Ambiguous
P63261,Ambiguous
P31948,Ambiguous
P61978,Ambiguous
Q58FF8,Ambiguous
O00231,Ambiguous
P51665,Ambiguous
P12956,Ambiguous
P62993,Ambiguous
Q9Y376,Ambiguous
O75935,Ambiguous
Q8TAT6,Ambiguous
Q9HD47,Ambiguous
P35573,Ambiguous
O14776,Ambiguous
O00141,Ambiguous
P30048,Ambiguous
O43264,Ambiguous
Q6ZUT9,Ambiguous
Q8IZ69,Ambiguous
O15056,Ambiguous
Q15370,Ambiguous
Q15366,Ambiguous
P33993,Ambiguous
Q7L5N1,Ambiguous
P07384,Ambiguous
O95747,Ambiguous
Q15008,Ambiguous
P49459,Ambiguous
P47897,Ambiguous
Q66K74,Ambiguous
Q9Y314,Ambiguous
P78346,Ambiguous
O60232,Ambiguous
Q15334,Ambiguous
Q96IZ0,Ambiguous
Q9Y2V7,Ambiguous
Q9P215,Ambiguous
O75417,Ambiguous
P26641,Ambiguous
P48643,Ambiguous
O43681,Ambiguous
P11172,Ambiguous
Q9UNM6,Ambiguous
P60709,Ambiguous
P62195,Ambiguous
Q14738,Ambiguous
P10809,Ambiguous
Q9UBW8,Ambiguous
Q93009,Ambiguous
P63167,Ambiguous
O00193,Ambiguous
Q9UQ80,Ambiguous
P42226,Ambiguous
Q05209,Ambiguous
P61106,Ambiguous
O94966,Ambiguous
Q9BS26,Ambiguous
Q9Y4B6,Ambiguous
Q9H7B4,Ambiguous
P07992,Ambiguous
Q96SN8,Ambiguous
Q14CX7,Ambiguous
P11021,Ambiguous
Q9UBQ0,Ambiguous
P54105,Ambiguous
P57737,Ambiguous
P27816,Ambiguous
P53365,Ambiguous
Q9BRT8,Ambiguous
Q9UP83,Ambiguous
Q9H3R5,Ambiguous
Q96KP1,Ambiguous
O14757,Ambiguous
Q13765,Ambiguous
Q9NUQ8,Ambiguous
Q16775,Ambiguous
Q9NR09,Ambiguous
P24941,Ambiguous
Q9NVE7,Ambiguous
Q9Y2L5,Ambiguous
O60447,Ambiguous
Q00341,Ambiguous
Q7L1Q6,Ambiguous
Q9UKN8,Ambiguous
Q16186,Ambiguous
Q7Z392,Ambiguous
Q6P3X3,Ambiguous
Q9H9F9,Ambiguous
Q9NWM0,Ambiguous
Q8NCM8,Ambiguous
Q9NP79,Ambiguous
O43765,Ambiguous
Q96A72,Ambiguous
P35813,Ambiguous
Q03169,Ambiguous
P29692,Ambiguous
P46940,Ambiguous
Q93045,Ambiguous
Q13620,Ambiguous
Q9H910,Ambiguous
Q9BTX7,Ambiguous
P54727,Ambiguous
Q96G03,Ambiguous
Q9H2G2,Ambiguous
Q9Y5K5,Ambiguous
Q9NPQ8,Ambiguous
Q7Z6J8,Ambiguous
Q8NFA0,Ambiguous
Q9BSL1,Ambiguous
P04075,Ambiguous
P42336,Ambiguous
Q8N1G2,Ambiguous
Q9H832,Ambiguous
Q7RTP6,Ambiguous
O60443,Ambiguous
O95433,Ambiguous
Q13177,Ambiguous
O95551,Ambiguous
Q9Y3Z3,Ambiguous
Q15907,Ambiguous
P28072,Ambiguous
Q15276,Ambiguous
P51148,Ambiguous
Q96EK5,Ambiguous
Q9H9E3,Ambiguous
Q9NVR5,Ambiguous
P13798,Ambiguous
Q9UNH7,Ambiguous
Q96QR8,Ambiguous
O95208,Ambiguous
Q96AE7,Ambiguous
Q9Y266,Ambiguous
P15927,Ambiguous
P13639,Ambiguous
P17980,Ambiguous
P33992,Ambiguous
P48594,Ambiguous
Q96G74,Ambiguous
Q9UBI1,Ambiguous
P36406,Ambiguous
Q6IA86,Ambiguous
Q13572,Ambiguous
Q96TA1,Ambiguous
Q13596,Ambiguous
P14735,Ambiguous
Q9GZT8,Ambiguous
Q9H0A8,Ambiguous
Q9H9Q2,Ambiguous
Q9H1H9,Ambiguous
Q9C0I1,Ambiguous
Q15185,Ambiguous
Q8IUD2,Ambiguous
Q15785,Ambiguous
Q96J01,Ambiguous
P07339,Ambiguous
Q9NVT9,Ambiguous
Q7Z4S6,Ambiguous
P25205,Ambiguous
Q16763,Ambiguous
Q8WXD5,Ambiguous
Q6UWE0,Ambiguous
Q8WVB6,Ambiguous
Q99961,Ambiguous
Q8NEL9,Ambiguous
Q13838,Ambiguous
Q9BRG1,Ambiguous
P20339,Ambiguous
O75818,Ambiguous
Q01082,Ambiguous
P06737,Ambiguous
P09972,Ambiguous
P61758,Ambiguous
Q92905,Ambiguous
Q14657,Ambiguous
P13010,Ambiguous
O75582,Ambiguous
P07237,Ambiguous
P35998,Ambiguous
O43617,Ambiguous
O43813,Ambiguous
Q12792,Ambiguous
Q14204,Ambiguous
Q9H2H8,Ambiguous
Q9UJA5,Ambiguous
O14802,Ambiguous
P61289,Ambiguous
O60763,Ambiguous
O75815,Ambiguous
Q9UM54,Ambiguous
Q7RTS9,Ambiguous
P49407,Ambiguous
P25789,Ambiguous
P25788,Ambiguous
P40763,Ambiguous
Q9BR76,Ambiguous
Q9Y508,Ambiguous
P61006,Ambiguous
Q8WW12,Ambiguous
Q15418,Ambiguous
P61163,Ambiguous
Q8NG08,Ambiguous
Q53T59,Ambiguous
Q15021,Ambiguous
Q96G04,Ambiguous
Q99836,Ambiguous
O00233,Ambiguous
P43686,Ambiguous
P62633,Ambiguous
Q9P258,Ambiguous
Q9UPT5,Ambiguous
O75044,Ambiguous
P28074,Ambiguous
P55036,Ambiguous
Q15796,Ambiguous
O75962,Ambiguous
Q02790,Ambiguous
P05455,Ambiguous
Q9H0U4,Ambiguous
O95456,Ambiguous
Q9BY42,Ambiguous
Q6PJG6,Ambiguous
P25786,Ambiguous
Q9UHY1,Ambiguous
Q2VPK5,Ambiguous
P98170,Ambiguous
P56537,Ambiguous
Q15293,Ambiguous
Q96PZ0,Ambiguous
Q567U6,Ambiguous
Q9Y4A5,Ambiguous
P60900,Ambiguous
Q14847,Ambiguous
P31751,Ambiguous
Q08209,Ambiguous
P61586,Ambiguous
P33176,Ambiguous
Q9Y4B5,Ambiguous
P37802,Ambiguous
P35221,Ambiguous
Q92990,Ambiguous
Q9UPU5,Ambiguous
O00429,Ambiguous
Q9Y5K6,Ambiguous
Q15208,Ambiguous
P22061,Ambiguous
O95347,Ambiguous
P23526,Ambiguous
Q9H2J4,Ambiguous
Q9H0B6,Ambiguous
P20290,Ambiguous
Q12965,Ambiguous
P18085,Ambiguous
Q86X55,Ambiguous
Q9P287,Ambiguous
P21291,Ambiguous
Q9H4M9,Ambiguous
Q9BUI4,Ambiguous
Q9NQT8,Ambiguous
P60953,Ambiguous
P62314,Ambiguous
P52701,Ambiguous
P41227,Ambiguous
Q9NZL4,Ambiguous
Q9NTJ3,Ambiguous
Q06124,Ambiguous
Q8TCE6,Ambiguous
Q96PE3,Ambiguous
P49588,Ambiguous
Q06203,Ambiguous
P48556,Ambiguous
Q9NWU2,Ambiguous
Q07864,Ambiguous
Q8N573,Ambiguous
Q06830,Ambiguous
Q01105,Ambiguous
P25787,Ambiguous
Q16401,Ambiguous
Q9UJU6,Ambiguous
Q6IBS0,Ambiguous
P11802,Ambiguous
Q9GZN8,Ambiguous
P09923,Ambiguous
Q13200,Ambiguous
Q16555,Ambiguous
Q9Y224,Ambiguous
Q5VU43,Ambiguous
P24534,Ambiguous
Q9UNZ2,Ambiguous
Q9Y5X3,Ambiguous
O75351,Ambiguous
Q6ZNJ1,Ambiguous
P20810,Ambiguous
Q9UJC3,Ambiguous
Q7Z406,Ambiguous
Q9BZZ5,Ambiguous
P00966,Ambiguous
Q15691,Ambiguous
P06753,Ambiguous
P16949,Ambiguous
Q9Y2X7,Ambiguous
O60879,Ambiguous
Q15527,Ambiguous
Q8N954,Ambiguous
Q99436,Ambiguous
Q96MW1,Ambiguous
Q13155,Ambiguous
Q9UI12,Ambiguous
P43490,Ambiguous
Q9BQ52,Ambiguous
Q9Y5Y2,Ambiguous
Q9Y3D8,Ambiguous
Q9NVI1,Ambiguous
Q14839,Ambiguous
O60664,Ambiguous
Q9BZX2,Ambiguous
P67936,Ambiguous
Q9Y570,Ambiguous
Q14320,Ambiguous
O14908,Ambiguous
Q9GZU8,Ambiguous
Q96H79,Ambiguous
Q9H3P7,Ambiguous
P29508,Ambiguous
Q9BUK6,Ambiguous
P50570,Ambiguous
Q15459,Ambiguous
O00148,Ambiguous
P04632,Ambiguous
P54578,Ambiguous
Q9Y5K8,Ambiguous
P22234,Ambiguous
P08243,Ambiguous
Q13867,Ambiguous
P51149,Ambiguous
Q9NP73,Ambiguous
P63241,Ambiguous
P40121,Ambiguous
P17931,Ambiguous
P41240,Ambiguous
Q9BRP4,Ambiguous
Q8NDH3,Ambiguous
Q8TB52,Ambiguous
P11413,Ambiguous
P36952,Ambiguous
Q14566,Ambiguous
P34896,Ambiguous
O00151,Ambiguous
Q15814,Ambiguous
Q9BXR0,Ambiguous
Q15642,Ambiguous
Q16719,Ambiguous
P20618,Ambiguous
P30622,Ambiguous
P51857,Ambiguous
P54725,Ambiguous
P04183,Ambiguous
Q15555,Ambiguous
O94808,Ambiguous
Q99575,Ambiguous
P00558,Ambiguous
P63000,Ambiguous
P62191,Ambiguous
Q9NTZ6,Ambiguous
Q9UI30,Ambiguous
Q9UBS0,Ambiguous
P35520,Ambiguous
O75223,Ambiguous
O15498,Ambiguous
Q9BTE3,Ambiguous
Q00535,Ambiguous
Q96BN8,Ambiguous
Q8WXX5,Ambiguous
Q08378,Ambiguous
P49327,Ambiguous
P26038,Ambiguous
P50995,Ambiguous
P60983,Ambiguous
Q13185,Ambiguous
Q04323,Ambiguous
P53602,Ambiguous
Q6NXE6,Ambiguous
Q99707,Ambiguous
Q15046,Ambiguous
O75153,Ambiguous
Q9UKB3,Ambiguous
Q9HA64,Ambiguous
P00338,Ambiguous
O75131,Ambiguous
Q9UGV2,Ambiguous
O75828,Ambiguous
Q92538,Ambiguous
Q7Z3U7,Ambiguous
P26640,Ambiguous
P43034,Ambiguous
Q00610,Ambiguous
Q14168,Ambiguous
Q9NWX5,Ambiguous
P04083,Ambiguous
P07195,Ambiguous
Q16881,Ambiguous
P49915,Ambiguous
P61081,Ambiguous
Q14697,Ambiguous
P62942,Ambiguous
Q92882,Ambiguous
Q15126,Ambiguous
A6NDU8,Ambiguous
P49914,Ambiguous
P23381,Ambiguous
O75083,Ambiguous
Q99460,Ambiguous
Q9BY43,Ambiguous
Q9H788,Ambiguous
O75533,Ambiguous
P53004,Ambiguous
Q9BPX3,Ambiguous
O60344,Ambiguous
Q8N5C7,Ambiguous
Q9NZW5,Ambiguous
P14618,Ambiguous
P29401,Ambiguous
P23528,Ambiguous
Q9BWD1,Ambiguous
P68133,Ambiguous
P61088,Ambiguous
Q9BV86,Ambiguous
Q969T9,Ambiguous
Q92530,Ambiguous
Q7Z5L9,Ambiguous
P41229,Ambiguous
P12268,Ambiguous
Q7Z6Z7,Ambiguous
P54819,Ambiguous
Q6P996,Ambiguous
Q07866,Ambiguous
P53611,Ambiguous
P35241,Ambiguous
Q4J6C6,Ambiguous
Q8WXH0,Ambiguous
P06733,Ambiguous
P26639,Ambiguous
P16152,Ambiguous
P10599,Ambiguous
O43598,Ambiguous
P35579,Ambiguous
Q9NQ88,Ambiguous
Q9BUL8,Ambiguous
P51812,Ambiguous
Q6L8Q7,Ambiguous
Q16831,Ambiguous
O15013,Ambiguous
Q9UHB4,Ambiguous
Q8WUM4,Ambiguous
Q9NR31,Ambiguous
Q96KB5,Ambiguous
O43847,Ambiguous
Q06210,Ambiguous
P19174,Ambiguous
P21283,Ambiguous
Q3B7T1,Ambiguous
Q13907,Ambiguous
P27695,Ambiguous
Q13564,Ambiguous
Q9P219,Ambiguous
Q13362,Ambiguous
Q7L8J4,Ambiguous
P31937,Ambiguous
A8K2U0,Ambiguous
Q96GX2,Ambiguous
Q9H7C9,Ambiguous
Q8TB40,Ambiguous
P00519,Ambiguous
Q99798,Ambiguous
Q4L235,Ambiguous
Q9H568,Ambiguous
P07311,Ambiguous
P14621,Ambiguous
Q6DHV7,Ambiguous
Q9BUB4,Ambiguous
Q7Z6V5,Ambiguous
Q96EY9,Ambiguous
P06280,Ambiguous
Q8N302,Ambiguous
Q9BQI0,Ambiguous
Q9H8T0,Ambiguous
Q60I27,Ambiguous
Q96BT7,Ambiguous
P30533,Ambiguous
Q6P6B7,Ambiguous
Q96NW4,Ambiguous
Q53RE8,Ambiguous
Q9NUS5,Ambiguous
Q9Y2Y0,Ambiguous
Q9HCE6,Ambiguous
Q15052,Ambiguous
O15085,Ambiguous
Q9NZN5,Ambiguous
Q96BM9,Ambiguous
Q7Z3E5,Ambiguous
Q9H981,Ambiguous
Q9ULH1,Ambiguous
Q9BZE9,Ambiguous
P20933,Ambiguous
Q8IUZ5,Ambiguous
Q9H0Y0,Ambiguous
Q8WYN0,Ambiguous
Q96DT6,Ambiguous
O00244,Ambiguous
Q92843,Ambiguous
O75531,Ambiguous
O95429,Ambiguous
Q8IXM2,Ambiguous
Q8NFC6,Ambiguous
P16278,Ambiguous
Q6QNY1,Ambiguous
P50747,Ambiguous
Q8WUW1,Ambiguous
Q07021,Ambiguous
Q9BV19,Ambiguous
Q8N6N3,Ambiguous
Q9BRK5,Ambiguous
P00915,Ambiguous
P00918,Ambiguous
O75808,Ambiguous
Q86UW7,Ambiguous
P42575,Ambiguous
Q92851,Ambiguous
P53634,Ambiguous
P07711,Ambiguous
Q8N8R5,Ambiguous
Q3KRA6,Ambiguous
P83916,Ambiguous
Q96JG6,Ambiguous
Q7Z3E2,Ambiguous
Q8IVM0,Ambiguous
Q96F63,Ambiguous
P24864,Ambiguous
Q8IWY9,Ambiguous
Q9BXL8,Ambiguous
Q86X02,Ambiguous
Q9BS16,Ambiguous
Q8N2Z9,Ambiguous
P41208,Ambiguous
Q96G28,Ambiguous
Q9BPX7,Ambiguous
Q96NL8,Ambiguous
Q9Y6H1,Ambiguous
Q86WJ1,Ambiguous
P15882,Ambiguous
O96017,Ambiguous
P35790,Ambiguous
Q9HD42,Ambiguous
Q14011,Ambiguous
Q96N23,Ambiguous
O95833,Ambiguous
Q9NZA1,Ambiguous
Q8IY22,Ambiguous
Q7Z624,Ambiguous
Q9BT09,Ambiguous
Q8N129,Ambiguous
Q9BV29,Ambiguous
P01031,Ambiguous
Q96BR5,Ambiguous
Q53SF7,Ambiguous
Q8WTW3,Ambiguous
Q96JB2,Ambiguous
Q96MW5,Ambiguous
Q9Y6G5,Ambiguous
Q9NQ92,Ambiguous
Q7Z7K0,Ambiguous
Q9BV73,Ambiguous
O14810,Ambiguous
Q9BRF8,Ambiguous
O75629,Ambiguous
Q9UBG3,Ambiguous
Q5BKX5,Ambiguous
O14936,Ambiguous
Q05048,Ambiguous
Q8WYA6,Ambiguous
P0CG13,Ambiguous
P26232,Ambiguous
Q9NTM9,Ambiguous
Q96F07,Ambiguous
Q14118,Ambiguous
Q5D0E6,Ambiguous
Q9UIK4,Ambiguous
Q8TCX1,Ambiguous
Q66K64,Ambiguous
Q9NXF7,Ambiguous
P17707,Ambiguous
Q9BVC3,Ambiguous
Q9BW61,Ambiguous
O94760,Ambiguous
Q9NX09,Ambiguous
O95786,Ambiguous
Q5T1V6,Ambiguous
Q6IQ26,Ambiguous
O76075,Ambiguous
Q86XP1,Ambiguous
Q7L7V1,Ambiguous
Q9UPY3,Ambiguous
Q9UBS4,Ambiguous
Q12959,Ambiguous
Q15398,Ambiguous
Q99543,Ambiguous
Q14185,Ambiguous
Q9H7D0,Ambiguous
Q9BZ29,Ambiguous
Q9Y3R5,Ambiguous
Q9UHL4,Ambiguous
Q6V1X1,Ambiguous
Q96FN9,Ambiguous
Q9UNI6,Ambiguous
Q6XUX3,Ambiguous
Q96FJ2,Ambiguous
Q16254,Ambiguous
P30084,Ambiguous
P42126,Ambiguous
O60869,Ambiguous
Q9NZN4,Ambiguous
Q96KQ7,Ambiguous
P41567,Ambiguous
Q96JJ3,Ambiguous
O43768,Ambiguous
Q9UM22,Ambiguous
Q9HCE0,Ambiguous
Q7L775,Ambiguous
Q9NZ08,Ambiguous
O43414,Ambiguous
P30042,Ambiguous
O95571,Ambiguous
Q92817,Ambiguous
Q9Y2D4,Ambiguous
Q9NV70,Ambiguous
Q8IYI6,Ambiguous
Q99504,Ambiguous
O95677,Ambiguous
Q9H098,Ambiguous
Q9P2D6,Ambiguous
Q05DH4,Ambiguous
Q8N612,Ambiguous
Q8TCP9,Ambiguous
Q9NX38,Ambiguous
Q16875,Ambiguous
P16930,Ambiguous
Q8NFF5,Ambiguous
Q6P587,Ambiguous
Q14289,Ambiguous
Q92636,Ambiguous
Q9HB96,Ambiguous
Q8NFZ0,Ambiguous
Q9UK22,Ambiguous
Q7Z6M2,Ambiguous
Q6PIJ6,Ambiguous
Q9UKT8,Ambiguous
O94868,Ambiguous
Q9BSK4,Ambiguous
P16591,Ambiguous
P98174,Ambiguous
Q6ZV73,Ambiguous
Q13642,Ambiguous
Q9Y613,Ambiguous
Q9Y3D6,Ambiguous
Q96AY3,Ambiguous
Q00688,Ambiguous
O95302,Ambiguous
Q8NFG4,Ambiguous
Q14315,Ambiguous
Q96PY5,Ambiguous
Q96RU3,Ambiguous
Q8N3X1,Ambiguous
Q8TF40,Ambiguous
Q8IX07,Ambiguous
O94915,Ambiguous
Q96AE4,Ambiguous
Q92945,Ambiguous
A2VDF0,Ambiguous
Q9NXK8,Ambiguous
Q9H469,Ambiguous
Q13283,Ambiguous
P32455,Ambiguous
Q96CN9,Ambiguous
Q6ZNW5,Ambiguous
Q9UJY5,Ambiguous
Q9BVM4,Ambiguous
Q8IVV7,Ambiguous
Q9H4A5,Ambiguous
P35754,Ambiguous
Q9NS18,Ambiguous
P04899,Ambiguous
P08754,Ambiguous
P15586,Ambiguous
Q14789,Ambiguous
Q9H4A6,Ambiguous
Q9NPB8,Ambiguous
P81274,Ambiguous
P32298,Ambiguous
Q9HAV7,Ambiguous
Q96GX5,Ambiguous
Q96EW2,Ambiguous
Q99714,Ambiguous
Q16836,Ambiguous
Q9BSH5,Ambiguous
Q9Y4D8,Ambiguous
P36551,Ambiguous
Q5T8I9,Ambiguous
Q9UII4,Ambiguous
P06865,Ambiguous
A2PYH4,Ambiguous
Q53FT3,Ambiguous
O75146,Ambiguous
P05204,Ambiguous
P32754,Ambiguous
P53816,Ambiguous
Q0VDF9,Ambiguous
Q9BUP3,Ambiguous
P19367,Ambiguous
Q5T013,Ambiguous
Q9NX55,Ambiguous
Q9H1B7,Ambiguous
P32019,Ambiguous
P48735,Ambiguous
O00425,Ambiguous
O43432,Ambiguous
Q9BYX4,Ambiguous
Q9H7X7,Ambiguous
P01834,Ambiguous
Q13418,Ambiguous
Q9P2X3,Ambiguous
Q9GZP8,Ambiguous
Q68E01,Ambiguous
Q9NVH2,Ambiguous
Q96DU7,Ambiguous
Q9NWZ3,Ambiguous
Q9UQF2,Ambiguous
Q9H9V9,Ambiguous
P0C870,Ambiguous
Q8N9B5,Ambiguous
Q8TAC2,Ambiguous
Q7Z7F0,Ambiguous
Q9UIJ7,Ambiguous
P27144,Ambiguous
P22612,Ambiguous
Q8IY47,Ambiguous
Q8NAB2,Ambiguous
Q9NVX7,Ambiguous
Q8IU85,Ambiguous
Q719H9,Ambiguous
Q7L273,Ambiguous
Q7Z4H8,Ambiguous
O75164,Ambiguous
Q63HM1,Ambiguous
Q96L93,Ambiguous
P46013,Ambiguous
Q02241,Ambiguous
Q9BW19,Ambiguous
Q96RR4,Ambiguous
Q9NVR0,Ambiguous
Q8IXQ5,Ambiguous
P50748,Ambiguous
P46019,Ambiguous
O94806,Ambiguous
O75676,Ambiguous
Q96S38,Ambiguous
O15230,Ambiguous
P11047,Ambiguous
P42167,Ambiguous
P53667,Ambiguous
O75145,Ambiguous
P20700,Ambiguous
Q15048,Ambiguous
Q8TCA0,Ambiguous
Q96CN5,Ambiguous
Q9Y608,Ambiguous
Q38SD2,Ambiguous
Q9Y4Y9,Ambiguous
O94822,Ambiguous
P10253,Ambiguous
O95382,Ambiguous
Q5TCX8,Ambiguous
Q12851,Ambiguous
P23368,Ambiguous
P53582,Ambiguous
Q9NR56,Ambiguous
O15068,Ambiguous
Q9Y6D9,Ambiguous
Q9UI95,Ambiguous
Q9NU22,Ambiguous
Q9P086,Ambiguous
Q96RN5,Ambiguous
Q71SY5,Ambiguous
Q9Y3C7,Ambiguous
Q5JPI9,Ambiguous
Q96IZ6,Ambiguous
Q99685,Ambiguous
A9UHW6,Ambiguous
Q86YT6,Ambiguous
Q96DM3,Ambiguous
Q8TDZ2,Ambiguous
Q8N3F8,Ambiguous
Q9UNW1,Ambiguous
P45983,Ambiguous
Q9HBH9,Ambiguous
Q9Y4U1,Ambiguous
Q6ZRQ5,Ambiguous
Q9H3H1,Ambiguous
Q9Y605,Ambiguous
Q14149,Ambiguous
O75970,Ambiguous
Q9NYP9,Ambiguous
O43482,Ambiguous
P20585,Ambiguous
Q9BTC8,Ambiguous
P42898,Ambiguous
Q14764,Ambiguous
Q99417,Ambiguous
P35580,Ambiguous
P14649,Ambiguous
O43795,Ambiguous
Q9Y4I1,Ambiguous
P52179,Ambiguous
O14974,Ambiguous
Q8WVE0,Ambiguous
P61599,Ambiguous
Q6IA69,Ambiguous
Q9BTE0,Ambiguous
Q7L1T6,Ambiguous
Q8NFP9,Ambiguous
Q6ZS30,Ambiguous
Q8NI08,Ambiguous
P19404,Ambiguous
Q969S2,Ambiguous
O60524,Ambiguous
Q9UMX5,Ambiguous
Q13469,Ambiguous
Q96IV0,Ambiguous
Q9BZQ8,Ambiguous
Q86WB0,Ambiguous
Q9Y2I1,Ambiguous
Q04721,Ambiguous
P61916,Ambiguous
Q9NSY0,Ambiguous
Q9NWW6,Ambiguous
Q9Y6Y0,Ambiguous
Q8WV22,Ambiguous
Q96AB6,Ambiguous
Q96HA8,Ambiguous
Q02818,Ambiguous
P80303,Ambiguous
Q9BQG2,Ambiguous
O95848,Ambiguous
Q9BRQ3,Ambiguous
Q5VST9,Ambiguous
O75147,Ambiguous
Q9Y5N6,Ambiguous
Q9H1P3,Ambiguous
Q969R2,Ambiguous
Q6GQQ9,Ambiguous
O43422,Ambiguous
Q86YP4,Ambiguous
Q86VP3,Ambiguous
Q15004,Ambiguous
Q13153,Ambiguous
Q9BZ23,Ambiguous
Q460N5,Ambiguous
Q86W56,Ambiguous
P09874,Ambiguous
Q9NVD7,Ambiguous
Q8NF37,Ambiguous
P05165,Ambiguous
O14917,Ambiguous
Q9H4Z3,Ambiguous
P42785,Ambiguous
Q8NB37,Ambiguous
O60658,Ambiguous
Q96JY6,Ambiguous
Q53GG5,Ambiguous
Q29RF7,Ambiguous
Q15121,Ambiguous
O60437,Ambiguous
Q7RTV0,Ambiguous
Q8IWS0,Ambiguous
O60346,Ambiguous
Q6ZVD8,Ambiguous
P61457,Ambiguous
P78356,Ambiguous
Q8WXW3,Ambiguous
P37287,Ambiguous
Q9Y237,Ambiguous
Q9UKF7,Ambiguous
P42338,Ambiguous
Q9HB19,Ambiguous
Q96S99,Ambiguous
Q8IWE5,Ambiguous
P16885,Ambiguous
Q8IV08,Ambiguous
Q9NYT0,Ambiguous
Q92871,Ambiguous
P54278,Ambiguous
Q9Y244,Ambiguous
P0CG39,Ambiguous
Q9BZL4,Ambiguous
P16298,Ambiguous
P48454,Ambiguous
P10619,Ambiguous
Q96BP3,Ambiguous
Q5THK1,Ambiguous
P35080,Ambiguous
Q16378,Ambiguous
Q9NYI0,Ambiguous
Q9BRX5,Ambiguous
Q7Z6K3,Ambiguous
P60484,Ambiguous
P10586,Ambiguous
Q8N142,Ambiguous
Q9BZE2,Ambiguous
Q8TBN0,Ambiguous
Q7Z5L2,Ambiguous
Q6IQ22,Ambiguous
Q969Q5,Ambiguous
Q13636,Ambiguous
Q15286,Ambiguous
O95716,Ambiguous
Q96QF0,Ambiguous
P20338,Ambiguous
P20340,Ambiguous
Q92930,Ambiguous
P29373,Ambiguous
O75943,Ambiguous
Q99638,Ambiguous
Q15283,Ambiguous
Q14644,Ambiguous
Q9UL26,Ambiguous
Q14964,Ambiguous
Q5R372,Ambiguous
P98179,Ambiguous
Q6VN20,Ambiguous
Q92804,Ambiguous
P53805,Ambiguous
Q9UKA8,Ambiguous
P18754,Ambiguous
P46063,Ambiguous
Q9BWE0,Ambiguous
Q9P2R6,Ambiguous
P35244,Ambiguous
Q8TAC1,Ambiguous
O14593,Ambiguous
O15211,Ambiguous
O43665,Ambiguous
Q13017,Ambiguous
Q68EM7,Ambiguous
Q6ZUM4,Ambiguous
Q9NRY4,Ambiguous
P84095,Ambiguous
Q8TCX5,Ambiguous
Q4ADV7,Ambiguous
Q6NUQ1,Ambiguous
O43353,Ambiguous
Q5EBL4,Ambiguous
Q7LG56,Ambiguous
P05387,Ambiguous
Q96DB5,Ambiguous
Q96E14,Ambiguous
Q8ND24,Ambiguous
Q5VTB9,Ambiguous
Q96BH1,Ambiguous
Q13905,Ambiguous
Q92834,Ambiguous
O95059,Ambiguous
Q9H633,Ambiguous
O95707,Ambiguous
P78345,Ambiguous
P62847,Ambiguous
P09234,Ambiguous
P57060,Ambiguous
P28702,Ambiguous
Q8N1F8,Ambiguous
Q9Y2H2,Ambiguous
A6NKF1,Ambiguous
Q9NZJ4,Ambiguous
Q5K651,Ambiguous
Q96I15,Ambiguous
P55809,Ambiguous
Q9HCN8,Ambiguous
P31040,Ambiguous
Q8IZQ5,Ambiguous
Q9BVL4,Ambiguous
P58004,Ambiguous
Q9UPS6,Ambiguous
Q86TU7,Ambiguous
Q15428,Ambiguous
Q86XK3,Ambiguous
Q86YV5,Ambiguous
Q9H299,Ambiguous
Q9UHJ6,Ambiguous
Q9BRV8,Ambiguous
Q9H173,Ambiguous
O75182,Ambiguous
Q96FS4,Ambiguous
O15304,Ambiguous
Q9UIU6,Ambiguous
Q9Y3B1,Ambiguous
Q14683,Ambiguous
Q9UQE7,Ambiguous
Q8TEV9,Ambiguous
Q96KF7,Ambiguous
Q92922,Ambiguous
Q8TAQ2,Ambiguous
Q53HV7,Ambiguous
Q8IYR2,Ambiguous
Q5VWJ9,Ambiguous
P08047,Ambiguous
Q6RVD6,Ambiguous
A1X283,Ambiguous
Q96EA4,Ambiguous
Q9NYA1,Ambiguous
Q9Y657,Ambiguous
Q08AE8,Ambiguous
Q99611,Ambiguous
P63272,Ambiguous
Q96JI7,Ambiguous
Q13813,Ambiguous
O15020,Ambiguous
Q9UGK8,Ambiguous
Q05519,Ambiguous
Q9BYN0,Ambiguous
Q9Y2H1,Ambiguous
O94864,Ambiguous
Q9Y3M8,Ambiguous
P42229,Ambiguous
Q96DR4,Ambiguous
O00506,Ambiguous
Q6ZWJ1,Ambiguous
Q5T5C0,Ambiguous
Q8WUJ0,Ambiguous
Q9UMX1,Ambiguous
P55854,Ambiguous
Q8NF91,Ambiguous
O76070,Ambiguous
Q7Z422,Ambiguous
Q99576,Ambiguous
Q96EM0,Ambiguous
Q9BSH4,Ambiguous
Q12962,Ambiguous
Q15544,Ambiguous
Q7Z7C8,Ambiguous
Q7L7X3,Ambiguous
Q17R31,Ambiguous
P10636,Ambiguous
Q8WUA7,Ambiguous
Q71U36,Ambiguous
Q3MII6,Ambiguous
Q86TI0,Ambiguous
O95759,Ambiguous
Q96EI5,Ambiguous
Q7Z6L1,Ambiguous
O15040,Ambiguous
P52655,Ambiguous
Q92664,Ambiguous
Q92994,Ambiguous
Q96CG3,Ambiguous
Q9BVW5,Ambiguous
Q9Y4G6,Ambiguous
Q8TBZ6,Ambiguous
Q5TGY1,Ambiguous
P82094,Ambiguous
Q13470,Ambiguous
Q96HA7,Ambiguous
Q12888,Ambiguous
P48553,Ambiguous
P0DI82,Ambiguous
Q9UL33,Ambiguous
Q86SZ2,Ambiguous
Q9H3S4,Ambiguous
Q96Q05,Ambiguous
Q9Y4K3,Ambiguous
Q12931,Ambiguous
O14717,Ambiguous
Q96F44,Ambiguous
Q14258,Ambiguous
O00635,Ambiguous
Q96DX7,Ambiguous
Q7Z4G4,Ambiguous
Q9NUP7,Ambiguous
Q86TN4,Ambiguous
Q86VQ6,Ambiguous
Q2TAM9,Ambiguous
Q9NUQ3,Ambiguous
P62328,Ambiguous
Q9NUW8,Ambiguous
A2RUC4,Ambiguous
Q9BZF9,Ambiguous
Q3KQV9,Ambiguous
P51965,Ambiguous
Q969M7,Ambiguous
Q7Z3V4,Ambiguous
Q14139,Ambiguous
Q14694,Ambiguous
Q9NVE5,Ambiguous
Q86UV5,Ambiguous
Q9NRR5,Ambiguous
P68543,Ambiguous
Q6PHR2,Ambiguous
Q9UPW8,Ambiguous
O14795,Ambiguous
P13051,Ambiguous
P46939,Ambiguous
Q14135,Ambiguous
O60504,Ambiguous
O43314,Ambiguous
Q9P253,Ambiguous
Q86VN1,Ambiguous
Q8N3P4,Ambiguous
O00401,Ambiguous
Q8IZQ1,Ambiguous
Q9HAD4,Ambiguous
Q8TF30,Ambiguous
Q8TF74,Ambiguous
Q13426,Ambiguous
Q8IY57,Ambiguous
O96006,Ambiguous
Q8TCF1,Ambiguous
Q9H8U3,Ambiguous
O95405,Ambiguous
Q96DA0,Ambiguous
Q96EF9,Ambiguous
Q9H4I2,Ambiguous
Q5SVZ6,Ambiguous
Q9UQR1,Ambiguous
O43670,Ambiguous
Q9NRM2,Ambiguous
Q96PM5,Ambiguous
Q96B54,Ambiguous
Q6DD87,Ambiguous
Q19AV6,Ambiguous
Q9H900,Ambiguous
P61026,Non-binder
P35237,Non-binder
P04080,Non-binder
P15311,Non-binder
Q9UKK9,Non-binder
P22102,Non-binder
P37837,Non-binder
O15067,Non-binder
Q14203,Non-binder
P52564,Non-binder
Q9NY33,Non-binder
Q15003,Non-binder
P34932,Non-binder
Q9NRV9,Non-binder
P04406,Non-binder
O76003,Non-binder
P18669,Non-binder
Q9UGI8,Non-binder
Q04446,Non-binder
O95376,Non-binder
P62937,Non-binder
Q9NRN7,Non-binder
P14324,Non-binder
P31949,Non-binder
P49736,Non-binder
P30740,Non-binder
Q9UHD1,Non-binder
P51692,Non-binder
P43246,Non-binder
P20073,Non-binder
Q8WZA9,Non-binder
Q00169,Non-binder
Q9Y263,Non-binder
P42330,Non-binder
P36915,Non-binder
P49720,Non-binder
P23919,Non-binder
Q8TB03,Non-binder
O75391,Non-binder
P09429,Non-binder
P17655,Non-binder
P48739,Non-binder
O43399,Non-binder
P26358,Non-binder
Q86VP6,Non-binder
P15559,Non-binder
Q13057,Non-binder
Q9Y535,Non-binder
P40261,Non-binder
P18206,Non-binder
Q8NB16,Non-binder
P12429,Non-binder
Q6FI81,Non-binder
O60547,Non-binder
P12004,Non-binder
O95757,Non-binder
Q9H1E3,Non-binder
P46109,Non-binder
P38646,Non-binder
Q96DG6,Non-binder
O95336,Non-binder
Q01518,Non-binder
P22314,Non-binder
P52209,Non-binder
P21333,Non-binder
P41250,Non-binder
Q99829,Non-binder
Q08J23,Non-binder
Q9GZP4,Non-binder
P07741,Non-binder
P52895,Non-binder
P12270,Non-binder
O00299,Non-binder
O43776,Non-binder
Q9NS87,Non-binder
P48637,Non-binder
P31153,Non-binder
Q96GK7,Non-binder
P49321,Non-binder
Q06323,Non-binder
O95361,Non-binder
Q5TDH0,Non-binder
P56192,Non-binder
P68036,Non-binder
P12081,Non-binder
Q9NR19,Non-binder
P61204,Non-binder
P30086,Non-binder
O60271,Non-binder
P60660,Non-binder
P31939,Non-binder
Q96IU4,Non-binder
P09104,Non-binder
P52565,Non-binder
P54577,Non-binder
P30101,Non-binder
P48507,Non-binder
Q32MZ4,Non-binder
O95155,Non-binder
Q86TI2,Non-binder
Q5VYK3,Non-binder
P41252,Non-binder
Q86XA9,Non-binder
P32119,Non-binder
O95861,Non-binder
Q9Y490,Non-binder
Q9Y617,Non-binder
P08133,Non-binder
Q96CN7,Non-binder
P06744,Non-binder
P40925,Non-binder
Q00796,Non-binder
Q9Y4L1,Non-binder
Q9NR45,Non-binder
P13797,Non-binder
Q15181,Non-binder
Q8IYS1,Non-binder
Q14914,Non-binder
P14550,Non-binder
Q9H3K6,Non-binder
P15374,Non-binder
P78330,Non-binder
Q9NQR4,Non-binder
Q9UL46,Non-binder
P51570,Non-binder
P00492,Non-binder
P04818,Non-binder
P55263,Non-binder
Q3LXA3,Non-binder
O95394,Non-binder
O14732,Non-binder
P30085,Non-binder
O00273,Non-binder
O43396,Non-binder
P49366,Non-binder
P50395,Non-binder
O75369,Non-binder
Q9BV20,Non-binder
P39687,Non-binder
P48163,Non-binder
P07814,Non-binder
P60174,Non-binder
P22392,Non-binder
Q99497,Non-binder
Q92598,Non-binder
O00625,Non-binder
Q9Y3P9,Non-binder
P30041,Non-binder
P19623,Non-binder
Q14166,Non-binder
P07737,Non-binder
P12277,Non-binder
P30044,Non-binder
O43488,Non-binder
Q96C86,Non-binder
Q16658,Non-binder
Q04828,Non-binder
P54136,Non-binder
O75874,Non-binder
Q14019,Non-binder
Q9NUQ9,Non-binder
Q04760,Non-binder
Q9HC38,Non-binder
P08758,Non-binder
P78417,Non-binder
Q96FW1,Non-binder
P00491,Non-binder
P21266,Non-binder
P36871,Non-binder
P38936,Non-binder
Q8N108,Non-binder
P11171,Non-binder
Q9H0P0,Non-binder
Q969T7,Non-binder
P49902,Non-binder
P36639,Non-binder
Q86V21,Non-binder
Q9Y478,Non-binder
Q9BTE6,Non-binder
P17174,Non-binder
P00505,Non-binder
Q12979,Non-binder
Q9BR61,Non-binder
P07108,Non-binder
Q9NPJ3,Non-binder
P21399,Non-binder
Q86TX2,Non-binder
Q562R1,Non-binder
P12814,Non-binder
O43707,Non-binder
Q03154,Non-binder
P00813,Non-binder
P11766,Non-binder
Q96SZ5,Non-binder
O95994,Non-binder
Q12904,Non-binder
Q02952,Non-binder
P31749,Non-binder
P00352,Non-binder
P49419,Non-binder
P49189,Non-binder
P15121,Non-binder
Q9NXW9,Non-binder
Q8IY45,Non-binder
Q9H4A4,Non-binder
P28838,Non-binder
Q92688,Non-binder
Q9BTT0,Non-binder
Q9P2R3,Non-binder
Q8IV38,Non-binder
Q9NVM4,Non-binder
P09525,Non-binder
P50583,Non-binder
O14727,Non-binder
Q8IWT0,Non-binder
P84085,Non-binder
P62330,Non-binder
Q9NX46,Non-binder
P40616,Non-binder
Q9NXU5,Non-binder
P36404,Non-binder
P36405,Non-binder
Q9H0F7,Non-binder
P04424,Non-binder
P18440,Non-binder
Q96DX5,Non-binder
Q9Y294,Non-binder
Q9NVP2,Non-binder
Q7L266,Non-binder
O95671,Non-binder
Q9Y4P1,Non-binder
Q8NBF6,Non-binder
Q5VT79,Non-binder
P61769,Non-binder
Q99933,Non-binder
P80723,Non-binder
Q07812,Non-binder
P56945,Non-binder
Q9BUT1,Non-binder
P55957,Non-binder
Q9Y6D6,Non-binder
Q9Y6D5,Non-binder
O00499,Non-binder
P30043,Non-binder
Q5VTR2,Non-binder
O75150,Non-binder
Q5VW32,Non-binder
Q96K17,Non-binder
O14981,Non-binder
P41223,Non-binder
Q5T0F9,Non-binder
Q9Y5P4,Non-binder
Q9NWV4,Non-binder
Q13137,Non-binder
Q8N1Q1,Non-binder
P62158,Non-binder
P27797,Non-binder
P40123,Non-binder
P29466,Non-binder
P42574,Non-binder
P55212,Non-binder
Q14790,Non-binder
P55211,Non-binder
P07858,Non-binder
Q9UBR2,Non-binder
Q4VC31,Non-binder
Q7Z6B0,Non-binder
O95273,Non-binder
O14618,Non-binder
Q9NWY4,Non-binder
P42771,Non-binder
P32320,Non-binder
Q00534,Non-binder
Q49AR2,Non-binder
Q9H993,Non-binder
P32929,Non-binder
P61604,Non-binder
Q8WUX2,Non-binder
Q7LBR1,Non-binder
Q9Y3E7,Non-binder
Q9NRG0,Non-binder
Q9Y2V2,Non-binder
Q8WUH1,Non-binder
Q8N4J0,Non-binder
Q5T6V5,Non-binder
Q9BUH6,Non-binder
O75390,Non-binder
Q9H0W9,Non-binder
P61024,Non-binder
Q8N999,Non-binder
Q9Y696,Non-binder
Q96KP4,Non-binder
Q9Y2B0,Non-binder
Q96CD2,Non-binder
Q9Y281,Non-binder
Q86X83,Non-binder
Q9GZQ3,Non-binder
Q86VX2,Non-binder
Q9P000,Non-binder
P21964,Non-binder
Q96S19,Non-binder
Q9P2I0,Non-binder
Q5TA50,Non-binder
P78560,Non-binder
Q96SW2,Non-binder
P50238,Non-binder
P46108,Non-binder
Q8IUI8,Non-binder
Q969H8,Non-binder
Q13363,Non-binder
P56545,Non-binder
Q9Y5B0,Non-binder
Q9H467,Non-binder
Q93034,Non-binder
O60888,Non-binder
P99999,Non-binder
Q9NR28,Non-binder
P27707,Non-binder
Q96GG9,Non-binder
Q9BTE7,Non-binder
P32321,Non-binder
Q9BTE1,Non-binder
O00399,Non-binder
Q9H773,Non-binder
P06132,Non-binder
Q7Z4W1,Non-binder
O95865,Non-binder
P60981,Non-binder
Q6UWP2,Non-binder
Q9Y2H0,Non-binder
Q9NP97,Non-binder
P18858,Non-binder
Q9ULA0,Non-binder
Q9BU89,Non-binder
P30046,Non-binder
Q8NEU8,Non-binder
Q9BZG8,Non-binder
Q9BQC3,Non-binder
Q9H2P9,Non-binder
Q7L8W6,Non-binder
Q9NRF9,Non-binder
Q9NR33,Non-binder
Q12882,Non-binder
Q8TEA8,Non-binder
Q6P1R4,Non-binder
Q9BVJ7,Non-binder
Q9NX74,Non-binder
P51452,Non-binder
Q96G46,Non-binder
P33316,Non-binder
P63172,Non-binder
P51808,Non-binder
P00374,Non-binder
Q9H4G0,Non-binder
O43491,Non-binder
Q9NTX5,Non-binder
Q15075,Non-binder
Q05639,Non-binder
P49411,Non-binder
Q8N3D4,Non-binder
Q8N9N8,Non-binder
Q9HBU6,Non-binder
P13929,Non-binder
Q7L5Y1,Non-binder
Q9UHY7,Non-binder
P14625,Non-binder
Q96HE7,Non-binder
P30040,Non-binder
P23141,Non-binder
P10768,Non-binder
P13804,Non-binder
A6ZKI3,Non-binder
P23610,Non-binder
Q9H5X1,Non-binder
Q9BXW9,Non-binder
Q13158,Non-binder
Q9NVQ4,Non-binder
Q8NEZ5,Non-binder
Q9UKT5,Non-binder
Q9Y3I1,Non-binder
Q13630,Non-binder
Q9NWM8,Non-binder
P26885,Non-binder
P49354,Non-binder
P15407,Non-binder
O14772,Non-binder
Q9C0B1,Non-binder
Q8N0W3,Non-binder
P07954,Non-binder
Q06546,Non-binder
Q14376,Non-binder
Q01415,Non-binder
Q96C23,Non-binder
P07902,Non-binder
A6NHX0,Non-binder
P32456,Non-binder
P31150,Non-binder
Q9H840,Non-binder
Q9NQX3,Non-binder
P30047,Non-binder
P0CL80,Non-binder
O95749,Non-binder
Q8TF65,Non-binder
Q9Y223,Non-binder
P32189,Non-binder
Q9NZD2,Non-binder
P14314,Non-binder
Q9Y5P6,Non-binder
Q9P2T1,Non-binder
Q96EK6,Non-binder
P46926,Non-binder
Q8TDQ7,Non-binder
Q13439,Non-binder
Q8N335,Non-binder
P07203,Non-binder
P36969,Non-binder
Q4V328,Non-binder
Q9UBQ7,Non-binder
P57764,Non-binder
P48506,Non-binder
P00390,Non-binder
Q9P0R6,Non-binder
P30711,Non-binder
P0CG30,Non-binder
O00178,Non-binder
Q9Y2T3,Non-binder
Q71UI9,Non-binder
O14929,Non-binder
P42858,Non-binder
Q9BY41,Non-binder
Q7Z4H3,Non-binder
P51858,Non-binder
Q08623,Non-binder
Q9H0R4,Non-binder
Q7Z4Q2,Non-binder
Q6AI08,Non-binder
Q9Y5Z4,Non-binder
P13716,Non-binder
P08397,Non-binder
P10746,Non-binder
Q9Y5N5,Non-binder
Q5GLZ8,Non-binder
P07686,Non-binder
Q93099,Non-binder
P49773,Non-binder
Q01581,Non-binder
P26583,Non-binder
O15347,Non-binder
P82970,Non-binder
P50135,Non-binder
Q00613,Non-binder
P54652,Non-binder
O43719,Non-binder
Q2TAA2,Non-binder
Q9H496,Non-binder
Q9Y547,Non-binder
Q9BW83,Non-binder
Q14116,Non-binder
Q9H0C8,Non-binder
P20839,Non-binder
P29218,Non-binder
P49441,Non-binder
P41236,Non-binder
Q9H2U2,Non-binder
Q86U28,Non-binder
P05161,Non-binder
Q96AZ6,Non-binder
Q9BY32,Non-binder
Q6NYC1,Non-binder
Q96AT1,Non-binder
Q9P260,Non-binder
P00568,Non-binder
Q16773,Non-binder
Q6YP21,Non-binder
Q9NYS0,Non-binder
Q16774,Non-binder
Q03426,Non-binder
Q9NSK0,Non-binder
P46020,Non-binder
Q93100,Non-binder
P17252,Non-binder
Q05655,Non-binder
P23443,Non-binder
Q96EK9,Non-binder
Q53H82,Non-binder
Q9NS86,Non-binder
Q9UIC8,Non-binder
Q3ZCW2,Non-binder
Q9H008,Non-binder
P09960,Non-binder
O75608,Non-binder
O95372,Non-binder
Q5VWZ2,Non-binder
Q8WZA0,Non-binder
O43708,Non-binder
Q9BQ69,Non-binder
Q9H063,Non-binder
P55145,Non-binder
Q16644,Non-binder
Q9NZL9,Non-binder
O43324,Non-binder
Q6VMQ6,Non-binder
Q13257,Non-binder
P40926,Non-binder
Q9BUE0,Non-binder
Q9H944,Non-binder
Q9Y316,Non-binder
Q14696,Non-binder
Q8N4P3,Non-binder
Q86W50,Non-binder
Q9NRN9,Non-binder
Q86V88,Non-binder
P16455,Non-binder
P14174,Non-binder
P45984,Non-binder
Q16539,Non-binder
Q8TD08,Non-binder
Q70IA6,Non-binder
Q96BX8,Non-binder
O96007,Non-binder
O95396,Non-binder
P46734,Non-binder
P45985,Non-binder
P34949,Non-binder
Q9UKD2,Non-binder
Q9UJ68,Non-binder
P47224,Non-binder
Q8WXB1,Non-binder
Q9H867,Non-binder
O94776,Non-binder
Q13126,Non-binder
Q96GX9,Non-binder
Q9BV57,Non-binder
P58546,Non-binder
Q9HB07,Non-binder
Q15746,Non-binder
O00159,Non-binder
Q13459,Non-binder
Q9BXJ9,Non-binder
Q9GZZ1,Non-binder
Q9BWU0,Non-binder
O95544,Non-binder
Q9Y303,Non-binder
Q9UJ70,Non-binder
Q8TBE9,Non-binder
Q9H6Q4,Non-binder
Q93015,Non-binder
Q14919,Non-binder
P16333,Non-binder
P15531,Non-binder
Q92597,Non-binder
Q9BYT8,Non-binder
P25208,Non-binder
Q8NBF2,Non-binder
O14745,Non-binder
Q86X76,Non-binder
Q8IW45,Non-binder
Q8NCW5,Non-binder
O60936,Non-binder
P16083,Non-binder
Q86WQ0,Non-binder
P46459,Non-binder
Q8TCD5,Non-binder
Q5TFE4,Non-binder
P61970,Non-binder
Q9BSD7,Non-binder
Q9Y5A7,Non-binder
P53384,Non-binder
Q9NV35,Non-binder
Q8WVJ2,Non-binder
Q8IVD9,Non-binder
O95989,Non-binder
Q9NZJ9,Non-binder
Q9BW91,Non-binder
Q8IWE2,Non-binder
Q9Y530,Non-binder
Q9BQT8,Non-binder
Q9H488,Non-binder
O60502,Non-binder
Q8N543,Non-binder
Q9NTK5,Non-binder
O14841,Non-binder
Q96CV9,Non-binder
Q9Y3B8,Non-binder
P22059,Non-binder
Q9NPF4,Non-binder
Q5VVQ6,Non-binder
Q8WZ82,Non-binder
P68402,Non-binder
Q15102,Non-binder
Q9H999,Non-binder
P51003,Non-binder
O43252,Non-binder
O95340,Non-binder
Q99447,Non-binder
O14737,Non-binder
P54750,Non-binder
P13667,Non-binder
Q15084,Non-binder
O00764,Non-binder
Q13951,Non-binder
P12955,Non-binder
O60925,Non-binder
Q9UHV9,Non-binder
Q9NQP4,Non-binder
Q99471,Non-binder
O15212,Non-binder
Q6PCE3,Non-binder
A6NDG6,Non-binder
Q9NXJ5,Non-binder
Q92696,Non-binder
P53609,Non-binder
Q8IZ21,Non-binder
P15735,Non-binder
Q9NRX4,Non-binder
Q8TBX8,Non-binder
Q13526,Non-binder
Q9H8W4,Non-binder
Q16513,Non-binder
Q01970,Non-binder
Q96GD0,Non-binder
Q14651,Non-binder
P07738,Non-binder
O15305,Non-binder
Q6XQN6,Non-binder
Q9NVS9,Non-binder
Q969H6,Non-binder
O75817,Non-binder
Q96C90,Non-binder
Q15435,Non-binder
Q12972,Non-binder
O60927,Non-binder
P24666,Non-binder
P48147,Non-binder
Q9HAB8,Non-binder
Q08752,Non-binder
Q9Y3C6,Non-binder
P49593,Non-binder
Q9NRG1,Non-binder
O94903,Non-binder
Q92620,Non-binder
Q96S44,Non-binder
Q96M27,Non-binder
Q86TP1,Non-binder
P55786,Non-binder
P28070,Non-binder
P28062,Non-binder
P28065,Non-binder
O75832,Non-binder
Q14691,Non-binder
Q9Y248,Non-binder
Q14997,Non-binder
Q969U7,Non-binder
Q9BT73,Non-binder
Q5JS54,Non-binder
Q96BW5,Non-binder
Q8N8N7,Non-binder
P06454,Non-binder
Q15257,Non-binder
Q03393,Non-binder
Q6GMV3,Non-binder
P30566,Non-binder
P30520,Non-binder
P11216,Non-binder
Q8WU10,Non-binder
Q08257,Non-binder
O95825,Non-binder
Q53FA7,Non-binder
Q2TAL8,Non-binder
Q9H974,Non-binder
O15541,Non-binder
P62820,Non-binder
Q9UL25,Non-binder
P51157,Non-binder
Q13637,Non-binder
P61020,Non-binder
P51151,Non-binder
Q9H5N1,Non-binder
Q7Z6M1,Non-binder
Q9UJ41,Non-binder
P24386,Non-binder
P26374,Non-binder
P20936,Non-binder
P01111,Non-binder
Q15042,Non-binder
O75884,Non-binder
B7ZAP0,Non-binder
Q9Y5S9,Non-binder
P62877,Non-binder
Q9UBF6,Non-binder
Q15382,Non-binder
P08134,Non-binder
Q969G6,Non-binder
P05386,Non-binder
Q8WVD5,Non-binder
Q9P0P0,Non-binder
Q9UBS8,Non-binder
Q8TDP1,Non-binder
Q13464,Non-binder
Q9Y2S0,Non-binder
Q9H1D9,Non-binder
O15318,Non-binder
Q96AT9,Non-binder
P49247,Non-binder
Q9BUL9,Non-binder
Q7L523,Non-binder
Q9HB90,Non-binder
Q9Y2L1,Non-binder
P62854,Non-binder
Q15404,Non-binder
O00442,Non-binder
Q96T51,Non-binder
Q8IZ73,Non-binder
P62304,Non-binder
P62308,Non-binder
P25815,Non-binder
P26447,Non-binder
P06703,Non-binder
Q99584,Non-binder
Q96FQ6,Non-binder
Q96ER3,Non-binder
Q9UBE0,Non-binder
Q9UBT2,Non-binder
Q9Y6B6,Non-binder
P82979,Non-binder
Q96F10,Non-binder
Q9Y3A5,Non-binder
Q13228,Non-binder
Q12765,Non-binder
Q96FV2,Non-binder
Q0VDG4,Non-binder
O00560,Non-binder
Q96GA7,Non-binder
P57772,Non-binder
Q8WW01,Non-binder
Q8NCE0,Non-binder
Q9BSV6,Non-binder
Q7Z6J9,Non-binder
Q8WTS6,Non-binder
Q9Y3B4,Non-binder
Q96B97,Non-binder
O75368,Non-binder
A0MZ66,Non-binder
Q96EB6,Non-binder
Q9BRT9,Non-binder
Q9NRG4,Non-binder
Q6GMV2,Non-binder
P54920,Non-binder
Q99747,Non-binder
Q96H20,Non-binder
Q9UMY4,Non-binder
Q9NRS6,Non-binder
O60493,Non-binder
P00441,Non-binder
P04179,Non-binder
P30626,Non-binder
Q07889,Non-binder
P50452,Non-binder
Q9HBM1,Non-binder
P35270,Non-binder
P49903,Non-binder
P52788,Non-binder
Q9HD15,Non-binder
Q9NP77,Non-binder
P50224,Non-binder
O95630,Non-binder
Q8NBJ7,Non-binder
P49589,Non-binder
P14868,Non-binder
Q9P2J5,Non-binder
Q92797,Non-binder
Q15714,Non-binder
O75157,Non-binder
Q9Y3Q8,Non-binder
Q9Y6A5,Non-binder
Q6P1N9,Non-binder
Q9NVG8,Non-binder
Q9ULP9,Non-binder
Q66K14,Non-binder
O75347,Non-binder
Q99426,Non-binder
Q9BTW9,Non-binder
Q15813,Non-binder
Q9BYX2,Non-binder
P62380,Non-binder
P53999,Non-binder
P13693,Non-binder
Q9NYB0,Non-binder
P21980,Non-binder
Q9NWX6,Non-binder
P52888,Non-binder
P25325,Non-binder
Q9BU02,Non-binder
Q9NXG2,Non-binder
Q9UNS1,Non-binder
Q8WUH6,Non-binder
Q12974,Non-binder
P55327,Non-binder
P51580,Non-binder
P29144,Non-binder
Q9Y5R8,Non-binder
Q9Y296,Non-binder
Q9Y3C4,Non-binder
Q12933,Non-binder
Q96LD4,Non-binder
Q15643,Non-binder
Q96FX7,Non-binder
Q9UBP6,Non-binder
Q96Q11,Non-binder
Q15631,Non-binder
Q99598,Non-binder
Q8N584,Non-binder
Q6PID6,Non-binder
Q5R3I4,Non-binder
O14907,Non-binder
O95881,Non-binder
Q9BRA2,Non-binder
Q9NX01,Non-binder
Q8NBS9,Non-binder
P19971,Non-binder
Q6IPR3,Non-binder
Q16222,Non-binder
P51668,Non-binder
P62837,Non-binder
P61077,Non-binder
Q96LR5,Non-binder
Q969T4,Non-binder
P62253,Non-binder
O14933,Non-binder
Q7Z7E8,Non-binder
P49427,Non-binder
Q712K3,Non-binder
Q13404,Non-binder
Q15819,Non-binder
Q8TBC4,Non-binder
A0AVT1,Non-binder
Q8WVY7,Non-binder
P63146,Non-binder
O00762,Non-binder
P62256,Non-binder
Q9NPD8,Non-binder
Q05086,Non-binder
Q15386,Non-binder
O14562,Non-binder
Q96S82,Non-binder
P51784,Non-binder
Q92995,Non-binder
Q9UHP3,Non-binder
Q96RU2,Non-binder
P45974,Non-binder
P40818,Non-binder
Q8N806,Non-binder
Q9BZV1,Non-binder
Q9HA47,Non-binder
Q8IX04,Non-binder
Q9Y3C8,Non-binder
O60701,Non-binder
Q9NYU2,Non-binder
Q16851,Non-binder
P52758,Non-binder
Q96BW1,Non-binder
P21281,Non-binder
P36543,Non-binder
O75348,Non-binder
P52735,Non-binder
P40337,Non-binder
Q9UN37,Non-binder
Q9BUR4,Non-binder
Q9GZL7,Non-binder
P57081,Non-binder
Q5JSH3,Non-binder
B1ANS9,Non-binder
Q6P4I2,Non-binder
Q92889,Non-binder
Q9NQW7,Non-binder
O75191,Non-binder
Q86U90,Non-binder
Q6FIF0,Non-binder
Q9ULJ6,Non-binder
O75312,Non-binder
